"point.ID","poly.ID","Id","Burn_Date","Location","Acres","NOTES","Brn_Report","PlotID"
1,NA,NA,NA,NA,NA,NA,NA,"X-78"
2,NA,NA,NA,NA,NA,NA,NA,"X-76"
3,NA,NA,NA,NA,NA,NA,NA,"W-72"
4,NA,NA,NA,NA,NA,NA,NA,"W-71"
5,NA,NA,NA,NA,NA,NA,NA,"V-76"
6,NA,NA,NA,NA,NA,NA,NA,"V-73"
7,267,0,NA,NA,10.6,NA,"W:\Collections\Maintenance\Burn\Burn History\Burn Plan.Bur Reed Marsh.pdf","U-95"
7,227,0,"2009/11/06","Central Woods",28.8043,NA,NA,"U-95"
7,98,0,"2006/11/22","Bur Reed",10.6246,NA,"Y:\Collections\Natural Resources Management\Burn\Burn History\Burn Plan.Bur Reed Marsh.pdf","U-95"
7,9,0,"2012/11/28","Woodland E. of Bur Reed",9.5,NA,"Y:\Collections\Natural Resources Management\Burn\Burn History\11-28-2012.pdf","U-95"
8,NA,NA,NA,NA,NA,NA,NA,"U-74"
9,NA,NA,NA,NA,NA,NA,NA,"T-75"
10,NA,NA,NA,NA,NA,NA,NA,"T-74"
11,NA,NA,NA,NA,NA,NA,NA,"S-75"
12,NA,NA,NA,NA,NA,NA,NA,"S-72"
13,NA,NA,NA,NA,NA,NA,NA,"S-70"
14,NA,NA,NA,NA,NA,NA,NA,"T-70"
15,NA,NA,NA,NA,NA,NA,NA,"U-70"
16,150,0,NA,NA,26.5976,NA,NA,"R-83"
16,10,0,"2012/11/28","Woodland N. of Bur Reed",21.7,NA,"Y:\Collections\Natural Resources Management\Burn\Burn History\11-28-2012.pdf","R-83"
16,315,0,NA,NA,26.6,NA,NA,"R-83"
16,227,0,"2009/11/06","Central Woods",28.8043,NA,NA,"R-83"
17,92,0,NA,NA,7.2358,NA,NA,"R-79"
17,65,27,NA,NA,7.30002,NA,NA,"R-79"
17,380,0,"2013/04/02","Crowley Marsh",0,NA,NA,"R-79"
17,262,0,NA,NA,7.24,NA,NA,"R-79"
17,226,0,"2015/04/06","Crowley Marsh",11.1456,NA,NA,"R-79"
17,386,438,"2014/11/07","Crowley Marsh",0,NA,"T:\Natural resources\Burns\2014 Fall Burns\11-7-2014\Crowley Marsh\Crowley Marsh Burn Report.pdf","R-79"
17,28,0,"2011/12/01","Crowley Marsh",1.9,NA,"Y:\Collections\Natural Resources Management\Burn\Burn History\2011.Burn Report.Crowley Marsh.pdf","R-79"
18,NA,NA,NA,NA,NA,NA,NA,"R-75"
19,9,0,"2012/11/28","Woodland E. of Bur Reed",9.5,NA,"Y:\Collections\Natural Resources Management\Burn\Burn History\11-28-2012.pdf","Q-96"
19,267,0,NA,NA,10.6,NA,"W:\Collections\Maintenance\Burn\Burn History\Burn Plan.Bur Reed Marsh.pdf","Q-96"
19,227,0,"2009/11/06","Central Woods",28.8043,NA,NA,"Q-96"
19,98,0,"2006/11/22","Bur Reed",10.6246,NA,"Y:\Collections\Natural Resources Management\Burn\Burn History\Burn Plan.Bur Reed Marsh.pdf","Q-96"
20,98,0,"2006/11/22","Bur Reed",10.6246,NA,"Y:\Collections\Natural Resources Management\Burn\Burn History\Burn Plan.Bur Reed Marsh.pdf","P-95"
20,64,26,NA,NA,0.59956,NA,NA,"P-95"
20,11,0,"2012/11/28","Bur Reed Drainage",5.5,NA,"Y:\Collections\Natural Resources Management\Burn\Burn History\11-28-2012.pdf","P-95"
20,267,0,NA,NA,10.6,NA,"W:\Collections\Maintenance\Burn\Burn History\Burn Plan.Bur Reed Marsh.pdf","P-95"
21,317,0,NA,NA,4.1,NA,NA,"GG-103"
21,392,444,"2015/03/17","Crataegus North",6.11,NA,NA,"GG-103"
21,152,0,NA,NA,4.06733,NA,NA,"GG-103"
21,256,0,NA,"Hawthorn Meadow",23.29,"every 1-2 years from 1996-2003",NA,"GG-103"
21,215,0,"2013/03/28","Crataegus North",6.45626,NA,NA,"GG-103"
21,86,0,"2016/03/29","N. Crataegus & Heritage Woodland",31.1258,NA,NA,"GG-103"
22,420,0,"2013/03/28","Crataegus South",0,NA,NA,"CC-106"
22,265,0,"2016/03/29","South Crataegus",0,NA,"W:\Collections\Maintenance\Burn\Burn History\Burn Plan.Big Rock Meadow.Heritage Trail.pdf","CC-106"
22,214,0,"2009/11/11","South Crataegus",4.49466,NA,NA,"CC-106"
22,96,0,"2006/11/21","Big Rock Meadow",59.533,NA,"Y:\Collections\Natural Resources Management\Burn\Burn History\Burn Plan.Big Rock Meadow.Heritage Trail.pdf","CC-106"
22,391,446,"2015/03/16","South Crataegus",4.73,"Seeded 3-18-2015",NA,"CC-106"
22,39,0,"2012/03/16","Hawthorn Meadow",7.6,NA,NA,"CC-106"
22,442,0,"2017/11/28","South Crataegus",0,NA,NA,"CC-106"
23,214,0,"2009/11/11","South Crataegus",4.49466,NA,NA,"BB-106"
23,420,0,"2013/03/28","Crataegus South",0,NA,NA,"BB-106"
23,265,0,"2016/03/29","South Crataegus",0,NA,"W:\Collections\Maintenance\Burn\Burn History\Burn Plan.Big Rock Meadow.Heritage Trail.pdf","BB-106"
23,39,0,"2012/03/16","Hawthorn Meadow",7.6,NA,NA,"BB-106"
23,96,0,"2006/11/21","Big Rock Meadow",59.533,NA,"Y:\Collections\Natural Resources Management\Burn\Burn History\Burn Plan.Big Rock Meadow.Heritage Trail.pdf","BB-106"
23,442,0,"2017/11/28","South Crataegus",0,NA,NA,"BB-106"
23,391,446,"2015/03/16","South Crataegus",4.73,"Seeded 3-18-2015",NA,"BB-106"
24,218,0,"2009/11/10","Big Rock Visitor Station",0.78334,NA,NA,"AA-114"
24,384,436,"2014/11/10","Big Rock Visitor Station",0,NA,"T:\Natural resources\Burns\2014 Fall Burns\11-10-2014\Big Rock Visitor Station\Big Rock Visitor Station Burn Report.pdf","AA-114"
24,24,0,"2011/11/15","Big Rock Visitor Station",0.67,NA,"Y:\Collections\Natural Resources Management\Burn\Burn History\2011_Big_Rock_VS_Burn_Report.pdf","AA-114"
24,280,0,"2009/11/19","Big Rock Visitor Station",0,NA,"Y:\Collections\Natural Resources Management\Burn\Burn History\Big Rock Visitor Station.2008.pdf","AA-114"
24,120,0,"2009/11/19","Big Rock Visitor Station",0.67728,NA,"Y:\Collections\Natural Resources Management\Burn\Burn History\Big Rock Visitor Station.2008.pdf","AA-114"
25,10,0,"2012/11/28","Woodland N. of Bur Reed",21.7,NA,"Y:\Collections\Natural Resources Management\Burn\Burn History\11-28-2012.pdf","Y-94"
25,227,0,"2009/11/06","Central Woods",28.8043,NA,NA,"Y-94"
25,315,0,NA,NA,26.6,NA,NA,"Y-94"
25,150,0,NA,NA,26.5976,NA,NA,"Y-94"
26,9,0,"2012/11/28","Woodland E. of Bur Reed",9.5,NA,"Y:\Collections\Natural Resources Management\Burn\Burn History\11-28-2012.pdf","W-95"
26,227,0,"2009/11/06","Central Woods",28.8043,NA,NA,"W-95"
26,150,0,NA,NA,26.5976,NA,NA,"W-95"
26,315,0,NA,NA,26.6,NA,NA,"W-95"
27,6,0,"2012/11/29","E. Woods near Spruce Plot",12.1,NA,"Y:\Collections\Natural Resources Management\Burn\Burn History\11-29-2012.pdf","N-128"
28,NA,NA,NA,NA,NA,NA,NA,"M-126"
29,NA,NA,NA,NA,NA,NA,NA,"L-126"
30,224,0,NA,NA,18.554,NA,NA,"H-127"
30,222,0,"2009/11/06","South 40",28.2284,NA,NA,"H-127"
30,286,0,NA,NA,0,NA,NA,"H-127"
30,21,0,"2012/11/14","South 40",14.6,NA,"Y:\Collections\Natural Resources Management\Burn\Burn History\11-14-2012.pdf","H-127"
31,225,0,NA,NA,36.9805,NA,NA,"AY-127"
31,287,0,NA,NA,0,NA,NA,"AY-127"
31,416,468,"2015/04/01","South 40",34.1,NA,NA,"AY-127"
31,23,0,"2012/11/29","South 40",40,NA,"Y:\Collections\Natural Resources Management\Burn\Burn History\11-29-2012.pdf","AY-127"
31,223,0,NA,NA,19.128,NA,NA,"AY-127"
32,NA,NA,NA,NA,NA,NA,NA,"AY-124"
33,NA,NA,NA,NA,NA,NA,NA,"AY-122"
34,NA,NA,NA,NA,NA,NA,NA,"AX-132"
35,NA,NA,NA,NA,NA,NA,NA,"AX-131"
36,NA,NA,NA,NA,NA,NA,NA,"N-144"
37,NA,NA,NA,NA,NA,NA,NA,"ZZ-142"
38,NA,NA,NA,NA,NA,NA,NA,"ZZ-134"
39,NA,NA,NA,NA,NA,NA,NA,"ZZ-132"
40,NA,NA,NA,NA,NA,NA,NA,"ZZ-130"
41,62,24,NA,NA,2.22705,NA,NA,"YY-146"
42,NA,NA,NA,NA,NA,NA,NA,"YY-140"
43,NA,NA,NA,NA,NA,NA,NA,"YY-137"
44,NA,NA,NA,NA,NA,NA,NA,"YY-132"
45,NA,NA,NA,NA,NA,NA,NA,"YY-123"
46,NA,NA,NA,NA,NA,NA,NA,"YY-122"
47,NA,NA,NA,NA,NA,NA,NA,"XX-147"
48,NA,NA,NA,NA,NA,NA,NA,"YY-119"
49,NA,NA,NA,NA,NA,NA,NA,"XX-142"
50,NA,NA,NA,NA,NA,NA,NA,"XX-134"
51,NA,NA,NA,NA,NA,NA,NA,"XX-129"
52,NA,NA,NA,NA,NA,NA,NA,"XX-125"
53,NA,NA,NA,NA,NA,NA,NA,"XX-121"
54,NA,NA,NA,NA,NA,NA,NA,"WW-146"
55,NA,NA,NA,NA,NA,NA,NA,"WW-140"
56,NA,NA,NA,NA,NA,NA,NA,"WW-137"
57,291,0,NA,NA,29.3,NA,NA,"XX-104"
57,96,0,"2006/11/21","Big Rock Meadow",59.533,NA,"Y:\Collections\Natural Resources Management\Burn\Burn History\Burn Plan.Big Rock Meadow.Heritage Trail.pdf","XX-104"
57,126,0,NA,NA,29.2991,NA,NA,"XX-104"
57,56,18,"2013/04/03","Big Rock Meadow",29.2487,NA,NA,"XX-104"
57,415,467,"2015/03/31","Big Rock Meadow",28.5,NA,NA,"XX-104"
58,NA,NA,NA,NA,NA,NA,NA,"WW-130"
59,NA,NA,NA,NA,NA,NA,NA,"WW-124"
60,NA,NA,NA,NA,NA,NA,NA,"WW-119"
61,291,0,NA,NA,29.3,NA,NA,"WW-106"
61,56,18,"2013/04/03","Big Rock Meadow",29.2487,NA,NA,"WW-106"
61,415,467,"2015/03/31","Big Rock Meadow",28.5,NA,NA,"WW-106"
61,126,0,NA,NA,29.2991,NA,NA,"WW-106"
61,96,0,"2006/11/21","Big Rock Meadow",59.533,NA,"Y:\Collections\Natural Resources Management\Burn\Burn History\Burn Plan.Big Rock Meadow.Heritage Trail.pdf","WW-106"
62,NA,NA,NA,NA,NA,NA,NA,"VV-133"
63,56,18,"2013/04/03","Big Rock Meadow",29.2487,NA,NA,"WW-102"
63,126,0,NA,NA,29.2991,NA,NA,"WW-102"
63,96,0,"2006/11/21","Big Rock Meadow",59.533,NA,"Y:\Collections\Natural Resources Management\Burn\Burn History\Burn Plan.Big Rock Meadow.Heritage Trail.pdf","WW-102"
63,415,467,"2015/03/31","Big Rock Meadow",28.5,NA,NA,"WW-102"
63,291,0,NA,NA,29.3,NA,NA,"WW-102"
64,NA,NA,NA,NA,NA,NA,NA,"VV-122"
65,56,18,"2013/04/03","Big Rock Meadow",29.2487,NA,NA,"VV-109"
65,415,467,"2015/03/31","Big Rock Meadow",28.5,NA,NA,"VV-109"
65,291,0,NA,NA,29.3,NA,NA,"VV-109"
65,126,0,NA,NA,29.2991,NA,NA,"VV-109"
65,96,0,"2006/11/21","Big Rock Meadow",59.533,NA,"Y:\Collections\Natural Resources Management\Burn\Burn History\Burn Plan.Big Rock Meadow.Heritage Trail.pdf","VV-109"
66,NA,NA,NA,NA,NA,NA,NA,"UU-132"
67,NA,NA,NA,NA,NA,NA,NA,"UU-130"
68,NA,NA,NA,NA,NA,NA,NA,"UU-129"
69,NA,NA,NA,NA,NA,NA,NA,"UU-125"
70,NA,NA,NA,NA,NA,NA,NA,"UU-121"
71,NA,NA,NA,NA,NA,NA,NA,"TT-145"
72,NA,NA,NA,NA,NA,NA,NA,"UU-117"
73,NA,NA,NA,NA,NA,NA,NA,"TT-143"
74,NA,NA,NA,NA,NA,NA,NA,"TT-140"
75,NA,NA,NA,NA,NA,NA,NA,"TT-137"
76,NA,NA,NA,NA,NA,NA,NA,"TT-133"
77,NA,NA,NA,NA,NA,NA,NA,"TT-132"
78,NA,NA,NA,NA,NA,NA,NA,"TT-131"
79,NA,NA,NA,NA,NA,NA,NA,"TT-130"
80,NA,NA,NA,NA,NA,NA,NA,"TT-129"
81,126,0,NA,NA,29.2991,NA,NA,"UU-100"
81,56,18,"2013/04/03","Big Rock Meadow",29.2487,NA,NA,"UU-100"
81,291,0,NA,NA,29.3,NA,NA,"UU-100"
81,415,467,"2015/03/31","Big Rock Meadow",28.5,NA,NA,"UU-100"
81,96,0,"2006/11/21","Big Rock Meadow",59.533,NA,"Y:\Collections\Natural Resources Management\Burn\Burn History\Burn Plan.Big Rock Meadow.Heritage Trail.pdf","UU-100"
82,NA,NA,NA,NA,NA,NA,NA,"TT-121"
83,NA,NA,NA,NA,NA,NA,NA,"TT-119"
84,NA,NA,NA,NA,NA,NA,NA,"SS-142"
85,NA,NA,NA,NA,NA,NA,NA,"SS-141"
86,443,0,"2017/11/29","Far East Woods",0,NA,NA,"TT-110"
87,NA,NA,NA,NA,NA,NA,NA,"SS-136"
88,NA,NA,NA,NA,NA,NA,NA,"SS-130"
89,NA,NA,NA,NA,NA,NA,NA,"RR-142"
90,5,0,"2012/11/01","Big Rock Trail",8.3,NA,"Y:\Collections\Natural Resources Management\Burn\Burn History\11-1-2012.pdf","SS-113"
91,NA,NA,NA,NA,NA,NA,NA,"RR-139"
92,NA,NA,NA,NA,NA,NA,NA,"RR-138"
93,415,467,"2015/03/31","Big Rock Meadow",28.5,NA,NA,"SS-109"
93,291,0,NA,NA,29.3,NA,NA,"SS-109"
93,96,0,"2006/11/21","Big Rock Meadow",59.533,NA,"Y:\Collections\Natural Resources Management\Burn\Burn History\Burn Plan.Big Rock Meadow.Heritage Trail.pdf","SS-109"
93,56,18,"2013/04/03","Big Rock Meadow",29.2487,NA,NA,"SS-109"
93,213,0,"2009/11/10","Big Rock Meadow",17.6315,NA,NA,"SS-109"
93,126,0,NA,NA,29.2991,NA,NA,"SS-109"
94,NA,NA,NA,NA,NA,NA,NA,"RR-134"
95,291,0,NA,NA,29.3,NA,NA,"SS-105"
95,96,0,"2006/11/21","Big Rock Meadow",59.533,NA,"Y:\Collections\Natural Resources Management\Burn\Burn History\Burn Plan.Big Rock Meadow.Heritage Trail.pdf","SS-105"
95,213,0,"2009/11/10","Big Rock Meadow",17.6315,NA,NA,"SS-105"
95,56,18,"2013/04/03","Big Rock Meadow",29.2487,NA,NA,"SS-105"
95,415,467,"2015/03/31","Big Rock Meadow",28.5,NA,NA,"SS-105"
95,126,0,NA,NA,29.2991,NA,NA,"SS-105"
96,126,0,NA,NA,29.2991,NA,NA,"SS-104"
96,415,467,"2015/03/31","Big Rock Meadow",28.5,NA,NA,"SS-104"
96,96,0,"2006/11/21","Big Rock Meadow",59.533,NA,"Y:\Collections\Natural Resources Management\Burn\Burn History\Burn Plan.Big Rock Meadow.Heritage Trail.pdf","SS-104"
96,56,18,"2013/04/03","Big Rock Meadow",29.2487,NA,NA,"SS-104"
96,291,0,NA,NA,29.3,NA,NA,"SS-104"
96,213,0,"2009/11/10","Big Rock Meadow",17.6315,NA,NA,"SS-104"
97,NA,NA,NA,NA,NA,NA,NA,"RR-131"
98,NA,NA,NA,NA,NA,NA,NA,"RR-129"
99,NA,NA,NA,NA,NA,NA,NA,"RR-128"
100,NA,NA,NA,NA,NA,NA,NA,"RR-127"
101,NA,NA,NA,NA,NA,NA,NA,"RR-126"
102,NA,NA,NA,NA,NA,NA,NA,"QQ-146"
103,443,0,"2017/11/29","Far East Woods",0,NA,NA,"RR-116"
104,5,0,"2012/11/01","Big Rock Trail",8.3,NA,"Y:\Collections\Natural Resources Management\Burn\Burn History\11-1-2012.pdf","RR-113"
105,NA,NA,NA,NA,NA,NA,NA,"QQ-140"
106,NA,NA,NA,NA,NA,NA,NA,"QQ-139"
107,56,18,"2013/04/03","Big Rock Meadow",29.2487,NA,NA,"RR-107"
107,415,467,"2015/03/31","Big Rock Meadow",28.5,NA,NA,"RR-107"
107,213,0,"2009/11/10","Big Rock Meadow",17.6315,NA,NA,"RR-107"
107,126,0,NA,NA,29.2991,NA,NA,"RR-107"
107,291,0,NA,NA,29.3,NA,NA,"RR-107"
107,96,0,"2006/11/21","Big Rock Meadow",59.533,NA,"Y:\Collections\Natural Resources Management\Burn\Burn History\Burn Plan.Big Rock Meadow.Heritage Trail.pdf","RR-107"
108,NA,NA,NA,NA,NA,NA,NA,"QQ-133"
109,NA,NA,NA,NA,NA,NA,NA,"QQ-132"
110,NA,NA,NA,NA,NA,NA,NA,"QQ-131"
111,55,17,NA,"Triangle",17.3735,NA,NA,"RR-95"
111,429,0,"2017/11/30","Triangle",17,NA,NA,"RR-95"
112,NA,NA,NA,NA,NA,NA,NA,"QQ-121"
113,NA,NA,NA,NA,NA,NA,NA,"PP-146"
114,NA,NA,NA,NA,NA,NA,NA,"PP-143"
115,5,0,"2012/11/01","Big Rock Trail",8.3,NA,"Y:\Collections\Natural Resources Management\Burn\Burn History\11-1-2012.pdf","QQ-111"
116,NA,NA,NA,NA,NA,NA,NA,"PP-137"
117,NA,NA,NA,NA,NA,NA,NA,"PP-135"
118,291,0,NA,NA,29.3,NA,NA,"QQ-107"
118,56,18,"2013/04/03","Big Rock Meadow",29.2487,NA,NA,"QQ-107"
118,415,467,"2015/03/31","Big Rock Meadow",28.5,NA,NA,"QQ-107"
118,126,0,NA,NA,29.2991,NA,NA,"QQ-107"
118,213,0,"2009/11/10","Big Rock Meadow",17.6315,NA,NA,"QQ-107"
118,96,0,"2006/11/21","Big Rock Meadow",59.533,NA,"Y:\Collections\Natural Resources Management\Burn\Burn History\Burn Plan.Big Rock Meadow.Heritage Trail.pdf","QQ-107"
119,NA,NA,NA,NA,NA,NA,NA,"PP-134"
120,NA,NA,NA,NA,NA,NA,NA,"PP-132"
121,NA,NA,NA,NA,NA,NA,NA,"PP-128"
122,NA,NA,NA,NA,NA,NA,NA,"PP-124"
123,NA,NA,NA,NA,NA,NA,NA,"PP-122"
124,NA,NA,NA,NA,NA,NA,NA,"OO-146"
125,443,0,"2017/11/29","Far East Woods",0,NA,NA,"PP-117"
126,291,0,NA,NA,29.3,NA,NA,"PP-107"
126,213,0,"2009/11/10","Big Rock Meadow",17.6315,NA,NA,"PP-107"
126,126,0,NA,NA,29.2991,NA,NA,"PP-107"
126,415,467,"2015/03/31","Big Rock Meadow",28.5,NA,NA,"PP-107"
126,56,18,"2013/04/03","Big Rock Meadow",29.2487,NA,NA,"PP-107"
126,96,0,"2006/11/21","Big Rock Meadow",59.533,NA,"Y:\Collections\Natural Resources Management\Burn\Burn History\Burn Plan.Big Rock Meadow.Heritage Trail.pdf","PP-107"
127,NA,NA,NA,NA,NA,NA,NA,"OO-130"
128,213,0,"2009/11/10","Big Rock Meadow",17.6315,NA,NA,"PP-102"
128,291,0,NA,NA,29.3,NA,NA,"PP-102"
128,96,0,"2006/11/21","Big Rock Meadow",59.533,NA,"Y:\Collections\Natural Resources Management\Burn\Burn History\Burn Plan.Big Rock Meadow.Heritage Trail.pdf","PP-102"
128,126,0,NA,NA,29.2991,NA,NA,"PP-102"
128,415,467,"2015/03/31","Big Rock Meadow",28.5,NA,NA,"PP-102"
128,56,18,"2013/04/03","Big Rock Meadow",29.2487,NA,NA,"PP-102"
129,NA,NA,NA,NA,NA,NA,NA,"OO-129"
130,56,18,"2013/04/03","Big Rock Meadow",29.2487,NA,NA,"PP-101"
130,213,0,"2009/11/10","Big Rock Meadow",17.6315,NA,NA,"PP-101"
130,415,467,"2015/03/31","Big Rock Meadow",28.5,NA,NA,"PP-101"
130,291,0,NA,NA,29.3,NA,NA,"PP-101"
130,126,0,NA,NA,29.2991,NA,NA,"PP-101"
130,96,0,"2006/11/21","Big Rock Meadow",59.533,NA,"Y:\Collections\Natural Resources Management\Burn\Burn History\Burn Plan.Big Rock Meadow.Heritage Trail.pdf","PP-101"
131,NA,NA,NA,NA,NA,NA,NA,"OO-122"
132,318,0,NA,"Triangle",14.8,NA,NA,"PP-92"
132,55,17,NA,"Triangle",17.3735,NA,NA,"PP-92"
132,429,0,"2017/11/30","Triangle",17,NA,NA,"PP-92"
132,153,0,NA,"Triangle",14.82,NA,NA,"PP-92"
133,NA,NA,NA,NA,NA,NA,NA,"NN-146"
134,NA,NA,NA,NA,NA,NA,NA,"NN-145"
135,NA,NA,NA,NA,NA,NA,NA,"NN-140"
136,216,0,"2013/04/03","Heritage Woodland",14.2987,NA,NA,"OO-110"
136,288,0,NA,NA,0,NA,NA,"OO-110"
136,96,0,"2006/11/21","Big Rock Meadow",59.533,NA,"Y:\Collections\Natural Resources Management\Burn\Burn History\Burn Plan.Big Rock Meadow.Heritage Trail.pdf","OO-110"
136,213,0,"2009/11/10","Big Rock Meadow",17.6315,NA,NA,"OO-110"
137,NA,NA,NA,NA,NA,NA,NA,"NN-136"
138,415,467,"2015/03/31","Big Rock Meadow",28.5,NA,NA,"OO-103"
138,56,18,"2013/04/03","Big Rock Meadow",29.2487,NA,NA,"OO-103"
138,213,0,"2009/11/10","Big Rock Meadow",17.6315,NA,NA,"OO-103"
138,126,0,NA,NA,29.2991,NA,NA,"OO-103"
138,291,0,NA,NA,29.3,NA,NA,"OO-103"
138,96,0,"2006/11/21","Big Rock Meadow",59.533,NA,"Y:\Collections\Natural Resources Management\Burn\Burn History\Burn Plan.Big Rock Meadow.Heritage Trail.pdf","OO-103"
139,288,0,NA,NA,0,NA,NA,"OO-101"
139,256,0,NA,"Hawthorn Meadow",23.29,"every 1-2 years from 1996-2003",NA,"OO-101"
139,96,0,"2006/11/21","Big Rock Meadow",59.533,NA,"Y:\Collections\Natural Resources Management\Burn\Burn History\Burn Plan.Big Rock Meadow.Heritage Trail.pdf","OO-101"
139,57,19,NA,"Hawthorn Meadow",23.2962,NA,NA,"OO-101"
139,216,0,"2013/04/03","Heritage Woodland",14.2987,NA,NA,"OO-101"
139,86,0,"2016/03/29","N. Crataegus & Heritage Woodland",31.1258,NA,NA,"OO-101"
140,216,0,"2013/04/03","Heritage Woodland",14.2987,NA,NA,"OO-100"
140,288,0,NA,NA,0,NA,NA,"OO-100"
140,96,0,"2006/11/21","Big Rock Meadow",59.533,NA,"Y:\Collections\Natural Resources Management\Burn\Burn History\Burn Plan.Big Rock Meadow.Heritage Trail.pdf","OO-100"
140,57,19,NA,"Hawthorn Meadow",23.2962,NA,NA,"OO-100"
140,256,0,NA,"Hawthorn Meadow",23.29,"every 1-2 years from 1996-2003",NA,"OO-100"
140,86,0,"2016/03/29","N. Crataegus & Heritage Woodland",31.1258,NA,NA,"OO-100"
141,NA,NA,NA,NA,NA,NA,NA,"NN-126"
142,55,17,NA,"Triangle",17.3735,NA,NA,"OO-95"
142,429,0,"2017/11/30","Triangle",17,NA,NA,"OO-95"
143,443,0,"2017/11/29","Far East Woods",0,NA,NA,"NN-118"
144,213,0,"2009/11/10","Big Rock Meadow",17.6315,NA,NA,"NN-105"
144,96,0,"2006/11/21","Big Rock Meadow",59.533,NA,"Y:\Collections\Natural Resources Management\Burn\Burn History\Burn Plan.Big Rock Meadow.Heritage Trail.pdf","NN-105"
144,415,467,"2015/03/31","Big Rock Meadow",28.5,NA,NA,"NN-105"
144,291,0,NA,NA,29.3,NA,NA,"NN-105"
144,56,18,"2013/04/03","Big Rock Meadow",29.2487,NA,NA,"NN-105"
144,126,0,NA,NA,29.2991,NA,NA,"NN-105"
145,256,0,NA,"Hawthorn Meadow",23.29,"every 1-2 years from 1996-2003",NA,"NN-100"
145,96,0,"2006/11/21","Big Rock Meadow",59.533,NA,"Y:\Collections\Natural Resources Management\Burn\Burn History\Burn Plan.Big Rock Meadow.Heritage Trail.pdf","NN-100"
145,86,0,"2016/03/29","N. Crataegus & Heritage Woodland",31.1258,NA,NA,"NN-100"
145,57,19,NA,"Hawthorn Meadow",23.2962,NA,NA,"NN-100"
145,216,0,"2013/04/03","Heritage Woodland",14.2987,NA,NA,"NN-100"
145,288,0,NA,NA,0,NA,NA,"NN-100"
146,55,17,NA,"Triangle",17.3735,NA,NA,"NN-97"
146,429,0,"2017/11/30","Triangle",17,NA,NA,"NN-97"
147,429,0,"2017/11/30","Triangle",17,NA,NA,"NN-91"
147,318,0,NA,"Triangle",14.8,NA,NA,"NN-91"
147,55,17,NA,"Triangle",17.3735,NA,NA,"NN-91"
147,153,0,NA,"Triangle",14.82,NA,NA,"NN-91"
148,55,17,NA,"Triangle",17.3735,NA,NA,"NN-89"
148,153,0,NA,"Triangle",14.82,NA,NA,"NN-89"
148,429,0,"2017/11/30","Triangle",17,NA,NA,"NN-89"
148,318,0,NA,"Triangle",14.8,NA,NA,"NN-89"
149,5,0,"2012/11/01","Big Rock Trail",8.3,NA,"Y:\Collections\Natural Resources Management\Burn\Burn History\11-1-2012.pdf","MM-114"
150,NA,NA,NA,NA,NA,NA,NA,"LL-141"
151,291,0,NA,NA,29.3,NA,NA,"MM-108"
151,213,0,"2009/11/10","Big Rock Meadow",17.6315,NA,NA,"MM-108"
151,126,0,NA,NA,29.2991,NA,NA,"MM-108"
151,96,0,"2006/11/21","Big Rock Meadow",59.533,NA,"Y:\Collections\Natural Resources Management\Burn\Burn History\Burn Plan.Big Rock Meadow.Heritage Trail.pdf","MM-108"
151,415,467,"2015/03/31","Big Rock Meadow",28.5,NA,NA,"MM-108"
151,56,18,"2013/04/03","Big Rock Meadow",29.2487,NA,NA,"MM-108"
152,NA,NA,NA,NA,NA,NA,NA,"LL-135"
153,NA,NA,NA,NA,NA,NA,NA,"LL-133"
154,415,467,"2015/03/31","Big Rock Meadow",28.5,NA,NA,"MM-102"
154,126,0,NA,NA,29.2991,NA,NA,"MM-102"
154,213,0,"2009/11/10","Big Rock Meadow",17.6315,NA,NA,"MM-102"
154,96,0,"2006/11/21","Big Rock Meadow",59.533,NA,"Y:\Collections\Natural Resources Management\Burn\Burn History\Burn Plan.Big Rock Meadow.Heritage Trail.pdf","MM-102"
154,56,18,"2013/04/03","Big Rock Meadow",29.2487,NA,NA,"MM-102"
154,291,0,NA,NA,29.3,NA,NA,"MM-102"
155,NA,NA,NA,NA,NA,NA,NA,"LL-128"
156,55,17,NA,"Triangle",17.3735,NA,NA,"MM-97"
156,429,0,"2017/11/30","Triangle",17,NA,NA,"MM-97"
157,NA,NA,NA,NA,NA,NA,NA,"LL-123"
158,NA,NA,NA,NA,NA,NA,NA,"LL-122"
159,55,17,NA,"Triangle",17.3735,NA,NA,"MM-94"
159,429,0,"2017/11/30","Triangle",17,NA,NA,"MM-94"
159,318,0,NA,"Triangle",14.8,NA,NA,"MM-94"
159,153,0,NA,"Triangle",14.82,NA,NA,"MM-94"
160,443,0,"2017/11/29","Far East Woods",0,NA,NA,"LL-119"
161,NA,NA,NA,NA,NA,NA,NA,"KK-145"
162,5,0,"2012/11/01","Big Rock Trail",8.3,NA,"Y:\Collections\Natural Resources Management\Burn\Burn History\11-1-2012.pdf","LL-114"
163,96,0,"2006/11/21","Big Rock Meadow",59.533,NA,"Y:\Collections\Natural Resources Management\Burn\Burn History\Burn Plan.Big Rock Meadow.Heritage Trail.pdf","LL-104"
163,57,19,NA,"Hawthorn Meadow",23.2962,NA,NA,"LL-104"
163,86,0,"2016/03/29","N. Crataegus & Heritage Woodland",31.1258,NA,NA,"LL-104"
163,256,0,NA,"Hawthorn Meadow",23.29,"every 1-2 years from 1996-2003",NA,"LL-104"
163,288,0,NA,NA,0,NA,NA,"LL-104"
163,216,0,"2013/04/03","Heritage Woodland",14.2987,NA,NA,"LL-104"
164,NA,NA,NA,NA,NA,NA,NA,"KK-131"
165,443,0,"2017/11/29","Far East Woods",0,NA,NA,"KK-122"
166,443,0,"2017/11/29","Far East Woods",0,NA,NA,"KK-121"
167,429,0,"2017/11/30","Triangle",17,NA,NA,"LL-93"
167,153,0,NA,"Triangle",14.82,NA,NA,"LL-93"
167,318,0,NA,"Triangle",14.8,NA,NA,"LL-93"
167,55,17,NA,"Triangle",17.3735,NA,NA,"LL-93"
168,153,0,NA,"Triangle",14.82,NA,NA,"LL-90"
168,429,0,"2017/11/30","Triangle",17,NA,NA,"LL-90"
168,318,0,NA,"Triangle",14.8,NA,NA,"LL-90"
169,NA,NA,NA,NA,NA,NA,NA,"JJ-140"
170,NA,NA,NA,NA,NA,NA,NA,"LL-84"
171,216,0,"2013/04/03","Heritage Woodland",14.2987,NA,NA,"KK-109"
171,256,0,NA,"Hawthorn Meadow",23.29,"every 1-2 years from 1996-2003",NA,"KK-109"
171,86,0,"2016/03/29","N. Crataegus & Heritage Woodland",31.1258,NA,NA,"KK-109"
171,96,0,"2006/11/21","Big Rock Meadow",59.533,NA,"Y:\Collections\Natural Resources Management\Burn\Burn History\Burn Plan.Big Rock Meadow.Heritage Trail.pdf","KK-109"
171,57,19,NA,"Hawthorn Meadow",23.2962,NA,NA,"KK-109"
171,288,0,NA,NA,0,NA,NA,"KK-109"
172,NA,NA,NA,NA,NA,NA,NA,"JJ-129"
173,288,0,NA,NA,0,NA,NA,"KK-101"
173,86,0,"2016/03/29","N. Crataegus & Heritage Woodland",31.1258,NA,NA,"KK-101"
173,256,0,NA,"Hawthorn Meadow",23.29,"every 1-2 years from 1996-2003",NA,"KK-101"
173,57,19,NA,"Hawthorn Meadow",23.2962,NA,NA,"KK-101"
173,96,0,"2006/11/21","Big Rock Meadow",59.533,NA,"Y:\Collections\Natural Resources Management\Burn\Burn History\Burn Plan.Big Rock Meadow.Heritage Trail.pdf","KK-101"
173,216,0,"2013/04/03","Heritage Woodland",14.2987,NA,NA,"KK-101"
174,443,0,"2017/11/29","Far East Woods",0,NA,NA,"JJ-121"
175,153,0,NA,"Triangle",14.82,NA,NA,"KK-93"
175,429,0,"2017/11/30","Triangle",17,NA,NA,"KK-93"
175,318,0,NA,"Triangle",14.8,NA,NA,"KK-93"
175,55,17,NA,"Triangle",17.3735,NA,NA,"KK-93"
176,22,0,"2012/10/29","Big Rock Trail",7.4,NA,"Y:\Collections\Natural Resources Management\Burn\Burn History\10-29-2012.pdf","JJ-115"
177,NA,NA,NA,NA,NA,NA,NA,"II-142"
178,22,0,"2012/10/29","Big Rock Trail",7.4,NA,"Y:\Collections\Natural Resources Management\Burn\Burn History\10-29-2012.pdf","JJ-114"
179,256,0,NA,"Hawthorn Meadow",23.29,"every 1-2 years from 1996-2003",NA,"JJ-111"
179,22,0,"2012/10/29","Big Rock Trail",7.4,NA,"Y:\Collections\Natural Resources Management\Burn\Burn History\10-29-2012.pdf","JJ-111"
179,288,0,NA,NA,0,NA,NA,"JJ-111"
179,216,0,"2013/04/03","Heritage Woodland",14.2987,NA,NA,"JJ-111"
179,86,0,"2016/03/29","N. Crataegus & Heritage Woodland",31.1258,NA,NA,"JJ-111"
180,NA,NA,NA,NA,NA,NA,NA,"II-136"
181,NA,NA,NA,NA,NA,NA,NA,"KK-80"
182,NA,NA,NA,NA,NA,NA,NA,"II-131"
183,NA,NA,NA,NA,NA,NA,NA,"II-130"
184,57,19,NA,"Hawthorn Meadow",23.2962,NA,NA,"JJ-102"
184,96,0,"2006/11/21","Big Rock Meadow",59.533,NA,"Y:\Collections\Natural Resources Management\Burn\Burn History\Burn Plan.Big Rock Meadow.Heritage Trail.pdf","JJ-102"
184,289,0,NA,NA,0,NA,NA,"JJ-102"
184,217,0,NA,NA,11.7694,NA,NA,"JJ-102"
184,86,0,"2016/03/29","N. Crataegus & Heritage Woodland",31.1258,NA,NA,"JJ-102"
184,256,0,NA,"Hawthorn Meadow",23.29,"every 1-2 years from 1996-2003",NA,"JJ-102"
185,153,0,NA,"Triangle",14.82,NA,NA,"JJ-96"
185,55,17,NA,"Triangle",17.3735,NA,NA,"JJ-96"
185,318,0,NA,"Triangle",14.8,NA,NA,"JJ-96"
185,429,0,"2017/11/30","Triangle",17,NA,NA,"JJ-96"
186,443,0,"2017/11/29","Far East Woods",0,NA,NA,"II-122"
187,153,0,NA,"Triangle",14.82,NA,NA,"JJ-93"
187,429,0,"2017/11/30","Triangle",17,NA,NA,"JJ-93"
187,318,0,NA,"Triangle",14.8,NA,NA,"JJ-93"
187,55,17,NA,"Triangle",17.3735,NA,NA,"JJ-93"
188,NA,NA,NA,NA,NA,NA,NA,"HH-147"
189,13,0,"2012/12/05","Woodland Trail",14.9,NA,"Y:\Collections\Natural Resources Management\Burn\Burn History\12-5-2012.pdf","II-118"
190,109,0,"2007/11/08","East Woods Ravine Area",5.42054,NA,"Y:\Collections\Natural Resources Management\Burn\Burn History\Burn Report.East woods.ravine section 1.pdf","JJ-87"
190,35,0,"2011/11/17","Triangle",4.6,NA,"Y:\Collections\Natural Resources Management\Burn\Burn History\2011.Burn Report P14 &15.pdf","JJ-87"
190,269,0,"2007/11/08","East Woods Ravine Area",5.4,NA,"Y:\Collections\Natural Resources Management\Burn\Burn History\Burn Report.East woods.ravine section 1.pdf","JJ-87"
190,429,0,"2017/11/30","Triangle",17,NA,NA,"JJ-87"
191,NA,NA,NA,NA,NA,NA,NA,"HH-139"
192,96,0,"2006/11/21","Big Rock Meadow",59.533,NA,"Y:\Collections\Natural Resources Management\Burn\Burn History\Burn Plan.Big Rock Meadow.Heritage Trail.pdf","II-105"
192,86,0,"2016/03/29","N. Crataegus & Heritage Woodland",31.1258,NA,NA,"II-105"
192,217,0,NA,NA,11.7694,NA,NA,"II-105"
192,256,0,NA,"Hawthorn Meadow",23.29,"every 1-2 years from 1996-2003",NA,"II-105"
192,57,19,NA,"Hawthorn Meadow",23.2962,NA,NA,"II-105"
192,289,0,NA,NA,0,NA,NA,"II-105"
193,NA,NA,NA,NA,NA,NA,NA,"HH-130"
194,NA,NA,NA,NA,NA,NA,NA,"HH-126"
195,NA,NA,NA,NA,NA,NA,NA,"GG-146"
196,109,0,"2007/11/08","East Woods Ravine Area",5.42054,NA,"Y:\Collections\Natural Resources Management\Burn\Burn History\Burn Report.East woods.ravine section 1.pdf","II-90"
196,269,0,"2007/11/08","East Woods Ravine Area",5.4,NA,"Y:\Collections\Natural Resources Management\Burn\Burn History\Burn Report.East woods.ravine section 1.pdf","II-90"
196,429,0,"2017/11/30","Triangle",17,NA,NA,"II-90"
197,13,0,"2012/12/05","Woodland Trail",14.9,NA,"Y:\Collections\Natural Resources Management\Burn\Burn History\12-5-2012.pdf","HH-116"
198,13,0,"2012/12/05","Woodland Trail",14.9,NA,"Y:\Collections\Natural Resources Management\Burn\Burn History\12-5-2012.pdf","HH-115"
199,109,0,"2007/11/08","East Woods Ravine Area",5.42054,NA,"Y:\Collections\Natural Resources Management\Burn\Burn History\Burn Report.East woods.ravine section 1.pdf","II-87"
199,429,0,"2017/11/30","Triangle",17,NA,NA,"II-87"
199,35,0,"2011/11/17","Triangle",4.6,NA,"Y:\Collections\Natural Resources Management\Burn\Burn History\2011.Burn Report P14 &15.pdf","II-87"
199,269,0,"2007/11/08","East Woods Ravine Area",5.4,NA,"Y:\Collections\Natural Resources Management\Burn\Burn History\Burn Report.East woods.ravine section 1.pdf","II-87"
200,NA,NA,NA,NA,NA,NA,NA,"GG-140"
201,22,0,"2012/10/29","Big Rock Trail",7.4,NA,"Y:\Collections\Natural Resources Management\Burn\Burn History\10-29-2012.pdf","HH-110"
201,256,0,NA,"Hawthorn Meadow",23.29,"every 1-2 years from 1996-2003",NA,"HH-110"
201,288,0,NA,NA,0,NA,NA,"HH-110"
201,216,0,"2013/04/03","Heritage Woodland",14.2987,NA,NA,"HH-110"
201,86,0,"2016/03/29","N. Crataegus & Heritage Woodland",31.1258,NA,NA,"HH-110"
202,NA,NA,NA,NA,NA,NA,NA,"II-81"
203,NA,NA,NA,NA,NA,NA,NA,"GG-135"
204,217,0,NA,NA,11.7694,NA,NA,"HH-105"
204,96,0,"2006/11/21","Big Rock Meadow",59.533,NA,"Y:\Collections\Natural Resources Management\Burn\Burn History\Burn Plan.Big Rock Meadow.Heritage Trail.pdf","HH-105"
204,289,0,NA,NA,0,NA,NA,"HH-105"
204,86,0,"2016/03/29","N. Crataegus & Heritage Woodland",31.1258,NA,NA,"HH-105"
204,256,0,NA,"Hawthorn Meadow",23.29,"every 1-2 years from 1996-2003",NA,"HH-105"
204,57,19,NA,"Hawthorn Meadow",23.2962,NA,NA,"HH-105"
205,217,0,NA,NA,11.7694,NA,NA,"HH-103"
205,96,0,"2006/11/21","Big Rock Meadow",59.533,NA,"Y:\Collections\Natural Resources Management\Burn\Burn History\Burn Plan.Big Rock Meadow.Heritage Trail.pdf","HH-103"
205,86,0,"2016/03/29","N. Crataegus & Heritage Woodland",31.1258,NA,NA,"HH-103"
205,256,0,NA,"Hawthorn Meadow",23.29,"every 1-2 years from 1996-2003",NA,"HH-103"
205,57,19,NA,"Hawthorn Meadow",23.2962,NA,NA,"HH-103"
205,215,0,"2013/03/28","Crataegus North",6.45626,NA,NA,"HH-103"
205,289,0,NA,NA,0,NA,NA,"HH-103"
206,217,0,NA,NA,11.7694,NA,NA,"HH-100"
206,289,0,NA,NA,0,NA,NA,"HH-100"
206,215,0,"2013/03/28","Crataegus North",6.45626,NA,NA,"HH-100"
206,256,0,NA,"Hawthorn Meadow",23.29,"every 1-2 years from 1996-2003",NA,"HH-100"
206,96,0,"2006/11/21","Big Rock Meadow",59.533,NA,"Y:\Collections\Natural Resources Management\Burn\Burn History\Burn Plan.Big Rock Meadow.Heritage Trail.pdf","HH-100"
206,57,19,NA,"Hawthorn Meadow",23.2962,NA,NA,"HH-100"
206,86,0,"2016/03/29","N. Crataegus & Heritage Woodland",31.1258,NA,NA,"HH-100"
206,392,444,"2015/03/17","Crataegus North",6.11,NA,NA,"HH-100"
207,NA,NA,NA,NA,NA,NA,NA,"GG-127"
208,318,0,NA,"Triangle",14.8,NA,NA,"HH-96"
208,153,0,NA,"Triangle",14.82,NA,NA,"HH-96"
208,429,0,"2017/11/30","Triangle",17,NA,NA,"HH-96"
208,55,17,NA,"Triangle",17.3735,NA,NA,"HH-96"
209,443,0,"2017/11/29","Far East Woods",0,NA,NA,"GG-122"
210,13,0,"2012/12/05","Woodland Trail",14.9,NA,"Y:\Collections\Natural Resources Management\Burn\Burn History\12-5-2012.pdf","GG-121"
211,318,0,NA,"Triangle",14.8,NA,NA,"HH-93"
211,429,0,"2017/11/30","Triangle",17,NA,NA,"HH-93"
211,153,0,NA,"Triangle",14.82,NA,NA,"HH-93"
212,NA,NA,NA,NA,NA,NA,NA,"FF-146"
213,109,0,"2007/11/08","East Woods Ravine Area",5.42054,NA,"Y:\Collections\Natural Resources Management\Burn\Burn History\Burn Report.East woods.ravine section 1.pdf","HH-90"
213,429,0,"2017/11/30","Triangle",17,NA,NA,"HH-90"
213,269,0,"2007/11/08","East Woods Ravine Area",5.4,NA,"Y:\Collections\Natural Resources Management\Burn\Burn History\Burn Report.East woods.ravine section 1.pdf","HH-90"
214,35,0,"2011/11/17","Triangle",4.6,NA,"Y:\Collections\Natural Resources Management\Burn\Burn History\2011.Burn Report P14 &15.pdf","HH-87"
214,429,0,"2017/11/30","Triangle",17,NA,NA,"HH-87"
215,NA,NA,NA,NA,NA,NA,NA,"HH-85"
216,NA,NA,NA,NA,NA,NA,NA,"FF-138"
217,34,0,"2011/11/17","Triangle",9.5,NA,"Y:\Collections\Natural Resources Management\Burn\Burn History\2011.Burn Report P14 &15.pdf","HH-79"
218,NA,NA,NA,NA,NA,NA,NA,"FF-132"
219,443,0,"2017/11/29","Far East Woods",0,NA,NA,"FF-127"
220,443,0,"2017/11/29","Far East Woods",0,NA,NA,"FF-126"
221,443,0,"2017/11/29","Far East Woods",0,NA,NA,"FF-123"
222,429,0,"2017/11/30","Triangle",17,NA,NA,"GG-94"
222,153,0,NA,"Triangle",14.82,NA,NA,"GG-94"
222,318,0,NA,"Triangle",14.8,NA,NA,"GG-94"
223,429,0,"2017/11/30","Triangle",17,NA,NA,"GG-92"
224,13,0,"2012/12/05","Woodland Trail",14.9,NA,"Y:\Collections\Natural Resources Management\Burn\Burn History\12-5-2012.pdf","FF-117"
225,13,0,"2012/12/05","Woodland Trail",14.9,NA,"Y:\Collections\Natural Resources Management\Burn\Burn History\12-5-2012.pdf","FF-114"
226,NA,NA,NA,NA,NA,NA,NA,"EE-140"
227,22,0,"2012/10/29","Big Rock Trail",7.4,NA,"Y:\Collections\Natural Resources Management\Burn\Burn History\10-29-2012.pdf","FF-112"
228,NA,NA,NA,NA,NA,NA,NA,"EE-134"
229,NA,NA,NA,NA,NA,NA,NA,"EE-132"
230,443,0,"2017/11/29","Far East Woods",0,NA,NA,"EE-128"
231,443,0,"2017/11/29","Far East Woods",0,NA,NA,"EE-126"
232,429,0,"2017/11/30","Triangle",17,NA,NA,"FF-94"
233,NA,NA,NA,NA,NA,NA,NA,"DD-148"
234,13,0,"2012/12/05","Woodland Trail",14.9,NA,"Y:\Collections\Natural Resources Management\Burn\Burn History\12-5-2012.pdf","EE-120"
235,429,0,"2017/11/30","Triangle",17,NA,NA,"FF-91"
236,NA,NA,NA,NA,NA,NA,NA,"DD-145"
237,217,0,NA,NA,11.7694,NA,NA,"EE-108"
237,289,0,NA,NA,0,NA,NA,"EE-108"
237,57,19,NA,"Hawthorn Meadow",23.2962,NA,NA,"EE-108"
237,96,0,"2006/11/21","Big Rock Meadow",59.533,NA,"Y:\Collections\Natural Resources Management\Burn\Burn History\Burn Plan.Big Rock Meadow.Heritage Trail.pdf","EE-108"
237,256,0,NA,"Hawthorn Meadow",23.29,"every 1-2 years from 1996-2003",NA,"EE-108"
237,86,0,"2016/03/29","N. Crataegus & Heritage Woodland",31.1258,NA,NA,"EE-108"
238,443,0,"2017/11/29","Far East Woods",0,NA,NA,"DD-130"
239,NA,NA,NA,NA,NA,NA,NA,"CC-144"
240,34,0,"2011/11/17","Triangle",9.5,NA,"Y:\Collections\Natural Resources Management\Burn\Burn History\2011.Burn Report P14 &15.pdf","EE-88"
241,13,0,"2012/12/05","Woodland Trail",14.9,NA,"Y:\Collections\Natural Resources Management\Burn\Burn History\12-5-2012.pdf","DD-115"
242,13,0,"2012/12/05","Woodland Trail",14.9,NA,"Y:\Collections\Natural Resources Management\Burn\Burn History\12-5-2012.pdf","DD-114"
243,22,0,"2012/10/29","Big Rock Trail",7.4,NA,"Y:\Collections\Natural Resources Management\Burn\Burn History\10-29-2012.pdf","DD-112"
244,NA,NA,NA,NA,NA,NA,NA,"CC-138"
245,NA,NA,NA,NA,NA,NA,NA,"EE-78"
246,NA,NA,NA,NA,NA,NA,NA,"EE-77"
247,430,0,"2017/11/30","P14-P16 Woodlands",13,NA,NA,"DD-100"
247,33,0,"2011/11/16","P14, P15, Road to Nowhere",13,NA,"Y:\Collections\Natural Resources Management\Burn\Burn History\2011.Burn Report.P14 & 15.pdf","DD-100"
247,316,0,NA,NA,10.4,NA,NA,"DD-100"
247,151,0,NA,NA,10.4487,NA,NA,"DD-100"
248,443,0,"2017/11/29","Far East Woods",0,NA,NA,"CC-123"
249,34,0,"2011/11/17","Triangle",9.5,NA,"Y:\Collections\Natural Resources Management\Burn\Burn History\2011.Burn Report P14 &15.pdf","DD-90"
250,NA,NA,NA,NA,NA,NA,NA,"BB-144"
251,NA,NA,NA,NA,NA,NA,NA,"BB-141"
252,34,0,"2011/11/17","Triangle",9.5,NA,"Y:\Collections\Natural Resources Management\Burn\Burn History\2011.Burn Report P14 &15.pdf","DD-86"
253,NA,NA,NA,NA,NA,NA,NA,"BB-140"
254,34,0,"2011/11/17","Triangle",9.5,NA,"Y:\Collections\Natural Resources Management\Burn\Burn History\2011.Burn Report P14 &15.pdf","DD-83"
255,57,19,NA,"Hawthorn Meadow",23.2962,NA,NA,"CC-109"
255,217,0,NA,NA,11.7694,NA,NA,"CC-109"
255,289,0,NA,NA,0,NA,NA,"CC-109"
255,96,0,"2006/11/21","Big Rock Meadow",59.533,NA,"Y:\Collections\Natural Resources Management\Burn\Burn History\Burn Plan.Big Rock Meadow.Heritage Trail.pdf","CC-109"
255,86,0,"2016/03/29","N. Crataegus & Heritage Woodland",31.1258,NA,NA,"CC-109"
255,256,0,NA,"Hawthorn Meadow",23.29,"every 1-2 years from 1996-2003",NA,"CC-109"
256,NA,NA,NA,NA,NA,NA,NA,"DD-78"
257,443,0,"2017/11/29","Far East Woods",0,NA,NA,"BB-128"
258,33,0,"2011/11/16","P14, P15, Road to Nowhere",13,NA,"Y:\Collections\Natural Resources Management\Burn\Burn History\2011.Burn Report.P14 & 15.pdf","CC-99"
258,316,0,NA,NA,10.4,NA,NA,"CC-99"
258,151,0,NA,NA,10.4487,NA,NA,"CC-99"
258,430,0,"2017/11/30","P14-P16 Woodlands",13,NA,NA,"CC-99"
259,151,0,NA,NA,10.4487,NA,NA,"CC-97"
259,430,0,"2017/11/30","P14-P16 Woodlands",13,NA,NA,"CC-97"
259,33,0,"2011/11/16","P14, P15, Road to Nowhere",13,NA,"Y:\Collections\Natural Resources Management\Burn\Burn History\2011.Burn Report.P14 & 15.pdf","CC-97"
259,316,0,NA,NA,10.4,NA,NA,"CC-97"
260,151,0,NA,NA,10.4487,NA,NA,"CC-96"
260,316,0,NA,NA,10.4,NA,NA,"CC-96"
260,430,0,"2017/11/30","P14-P16 Woodlands",13,NA,NA,"CC-96"
260,33,0,"2011/11/16","P14, P15, Road to Nowhere",13,NA,"Y:\Collections\Natural Resources Management\Burn\Burn History\2011.Burn Report.P14 & 15.pdf","CC-96"
261,443,0,"2017/11/29","Far East Woods",0,NA,NA,"BB-121"
262,443,0,"2017/11/29","Far East Woods",0,NA,NA,"BB-118"
263,443,0,"2017/11/29","Far East Woods",0,NA,NA,"BB-116"
264,34,0,"2011/11/17","Triangle",9.5,NA,"Y:\Collections\Natural Resources Management\Burn\Burn History\2011.Burn Report P14 &15.pdf","CC-86"
265,96,0,"2006/11/21","Big Rock Meadow",59.533,NA,"Y:\Collections\Natural Resources Management\Burn\Burn History\Burn Plan.Big Rock Meadow.Heritage Trail.pdf","BB-107"
265,86,0,"2016/03/29","N. Crataegus & Heritage Woodland",31.1258,NA,NA,"BB-107"
265,391,446,"2015/03/16","South Crataegus",4.73,"Seeded 3-18-2015",NA,"BB-107"
265,214,0,"2009/11/11","South Crataegus",4.49466,NA,NA,"BB-107"
265,420,0,"2013/03/28","Crataegus South",0,NA,NA,"BB-107"
265,39,0,"2012/03/16","Hawthorn Meadow",7.6,NA,NA,"BB-107"
265,442,0,"2017/11/28","South Crataegus",0,NA,NA,"BB-107"
265,265,0,"2016/03/29","South Crataegus",0,NA,"W:\Collections\Maintenance\Burn\Burn History\Burn Plan.Big Rock Meadow.Heritage Trail.pdf","BB-107"
265,256,0,NA,"Hawthorn Meadow",23.29,"every 1-2 years from 1996-2003",NA,"BB-107"
266,NA,NA,NA,NA,NA,NA,NA,"CC-78"
267,NA,NA,NA,NA,NA,NA,NA,"CC-76"
268,443,0,"2017/11/29","Far East Woods",0,NA,NA,"AA-129"
269,443,0,"2017/11/29","Far East Woods",0,NA,NA,"AA-125"
270,316,0,NA,NA,10.4,NA,NA,"BB-92"
270,151,0,NA,NA,10.4487,NA,NA,"BB-92"
270,430,0,"2017/11/30","P14-P16 Woodlands",13,NA,NA,"BB-92"
270,33,0,"2011/11/16","P14, P15, Road to Nowhere",13,NA,"Y:\Collections\Natural Resources Management\Burn\Burn History\2011.Burn Report.P14 & 15.pdf","BB-92"
271,443,0,"2017/11/29","Far East Woods",0,NA,NA,"AA-118"
272,443,0,"2017/11/29","Far East Woods",0,NA,NA,"AA-117"
273,443,0,"2017/11/29","Far East Woods",0,NA,NA,"AA-116"
274,NA,NA,NA,NA,NA,NA,NA,"Z-143"
275,430,0,"2017/11/30","P14-P16 Woodlands",13,NA,NA,"BB-84"
275,270,0,"2007/11/15","East Woods Ravine Area",9.3,NA,"Y:\Collections\Natural Resources Management\Burn\Burn History\Burn Report.East woods.ravine section 3.pdf","BB-84"
275,110,0,"2007/11/15","East Woods Ravine Area",9.25794,NA,"Y:\Collections\Natural Resources Management\Burn\Burn History\Burn Report.East woods.ravine section 3.pdf","BB-84"
276,443,0,"2017/11/29","Far East Woods",0,NA,NA,"Z-132"
277,443,0,"2017/11/29","Far East Woods",0,NA,NA,"Z-128"
278,87,0,"2013/04/05","East Woods",14.2106,NA,NA,"Z-124"
278,257,0,NA,"East Woods",14.21,NA,NA,"Z-124"
278,443,0,"2017/11/29","Far East Woods",0,NA,NA,"Z-124"
279,33,0,"2011/11/16","P14, P15, Road to Nowhere",13,NA,"Y:\Collections\Natural Resources Management\Burn\Burn History\2011.Burn Report.P14 & 15.pdf","AA-95"
279,151,0,NA,NA,10.4487,NA,NA,"AA-95"
279,316,0,NA,NA,10.4,NA,NA,"AA-95"
279,430,0,"2017/11/30","P14-P16 Woodlands",13,NA,NA,"AA-95"
280,87,0,"2013/04/05","East Woods",14.2106,NA,NA,"Z-122"
280,443,0,"2017/11/29","Far East Woods",0,NA,NA,"Z-122"
280,257,0,NA,"East Woods",14.21,NA,NA,"Z-122"
281,NA,NA,NA,NA,NA,NA,NA,"Y-147"
282,257,0,NA,"East Woods",14.21,NA,NA,"Z-118"
282,443,0,"2017/11/29","Far East Woods",0,NA,NA,"Z-118"
282,87,0,"2013/04/05","East Woods",14.2106,NA,NA,"Z-118"
283,NA,NA,NA,NA,NA,NA,NA,"Z-108"
284,443,0,"2017/11/29","Far East Woods",0,NA,NA,"Y-135"
285,110,0,"2007/11/15","East Woods Ravine Area",9.25794,NA,"Y:\Collections\Natural Resources Management\Burn\Burn History\Burn Report.East woods.ravine section 3.pdf","AA-79"
285,270,0,"2007/11/15","East Woods Ravine Area",9.3,NA,"Y:\Collections\Natural Resources Management\Burn\Burn History\Burn Report.East woods.ravine section 3.pdf","AA-79"
285,430,0,"2017/11/30","P14-P16 Woodlands",13,NA,NA,"AA-79"
286,NA,NA,NA,NA,NA,NA,NA,"Z-76"
287,443,0,"2017/11/29","Far East Woods",0,NA,NA,"Y-130"
288,443,0,"2017/11/29","Far East Woods",0,NA,NA,"Y-128"
289,150,0,NA,NA,26.5976,NA,NA,"Z-92"
289,10,0,"2012/11/28","Woodland N. of Bur Reed",21.7,NA,"Y:\Collections\Natural Resources Management\Burn\Burn History\11-28-2012.pdf","Z-92"
289,227,0,"2009/11/06","Central Woods",28.8043,NA,NA,"Z-92"
289,315,0,NA,NA,26.6,NA,NA,"Z-92"
290,NA,NA,NA,NA,NA,NA,NA,"X-143"
291,NA,NA,NA,NA,NA,NA,NA,"Y-112"
292,NA,NA,NA,NA,NA,NA,NA,"X-139"
293,NA,NA,NA,NA,NA,NA,NA,"X-138"
294,NA,NA,NA,NA,NA,NA,NA,"Y-110"
295,110,0,"2007/11/15","East Woods Ravine Area",9.25794,NA,"Y:\Collections\Natural Resources Management\Burn\Burn History\Burn Report.East woods.ravine section 3.pdf","Z-82"
295,270,0,"2007/11/15","East Woods Ravine Area",9.3,NA,"Y:\Collections\Natural Resources Management\Burn\Burn History\Burn Report.East woods.ravine section 3.pdf","Z-82"
295,430,0,"2017/11/30","P14-P16 Woodlands",13,NA,NA,"Z-82"
296,NA,NA,NA,NA,NA,NA,NA,"Y-105"
297,87,0,"2013/04/05","East Woods",14.2106,NA,NA,"X-125"
297,257,0,NA,"East Woods",14.21,NA,NA,"X-125"
297,221,0,"2009/11/11","P11 thru P12",4.65665,NA,NA,"X-125"
298,227,0,"2009/11/06","Central Woods",28.8043,NA,NA,"Y-96"
298,150,0,NA,NA,26.5976,NA,NA,"Y-96"
298,315,0,NA,NA,26.6,NA,NA,"Y-96"
298,9,0,"2012/11/28","Woodland E. of Bur Reed",9.5,NA,"Y:\Collections\Natural Resources Management\Burn\Burn History\11-28-2012.pdf","Y-96"
299,87,0,"2013/04/05","East Woods",14.2106,NA,NA,"X-121"
299,257,0,NA,"East Woods",14.21,NA,NA,"X-121"
299,443,0,"2017/11/29","Far East Woods",0,NA,NA,"X-121"
300,NA,NA,NA,NA,NA,NA,NA,"W-146"
301,257,0,NA,"East Woods",14.21,NA,NA,"X-118"
301,220,0,"2009/11/11","P11 thru P12",1.37666,NA,NA,"X-118"
301,87,0,"2013/04/05","East Woods",14.2106,NA,NA,"X-118"
302,150,0,NA,NA,26.5976,NA,NA,"Y-90"
302,315,0,NA,NA,26.6,NA,NA,"Y-90"
302,10,0,"2012/11/28","Woodland N. of Bur Reed",21.7,NA,"Y:\Collections\Natural Resources Management\Burn\Burn History\11-28-2012.pdf","Y-90"
302,227,0,"2009/11/06","Central Woods",28.8043,NA,NA,"Y-90"
303,430,0,"2017/11/30","P14-P16 Woodlands",13,NA,NA,"Y-84"
303,270,0,"2007/11/15","East Woods Ravine Area",9.3,NA,"Y:\Collections\Natural Resources Management\Burn\Burn History\Burn Report.East woods.ravine section 3.pdf","Y-84"
303,110,0,"2007/11/15","East Woods Ravine Area",9.25794,NA,"Y:\Collections\Natural Resources Management\Burn\Burn History\Burn Report.East woods.ravine section 3.pdf","Y-84"
304,NA,NA,NA,NA,NA,NA,NA,"X-110"
305,443,0,"2017/11/29","Far East Woods",0,NA,NA,"W-137"
306,443,0,"2017/11/29","Far East Woods",0,NA,NA,"W-136"
307,430,0,"2017/11/30","P14-P16 Woodlands",13,NA,NA,"Y-80"
307,67,29,NA,NA,1.0562,NA,NA,"Y-80"
308,443,0,"2017/11/29","Far East Woods",0,NA,NA,"W-132"
309,315,0,NA,NA,26.6,NA,NA,"X-93"
309,150,0,NA,NA,26.5976,NA,NA,"X-93"
309,10,0,"2012/11/28","Woodland N. of Bur Reed",21.7,NA,"Y:\Collections\Natural Resources Management\Burn\Burn History\11-28-2012.pdf","X-93"
309,227,0,"2009/11/06","Central Woods",28.8043,NA,NA,"X-93"
310,315,0,NA,NA,26.6,NA,NA,"X-87"
310,227,0,"2009/11/06","Central Woods",28.8043,NA,NA,"X-87"
310,10,0,"2012/11/28","Woodland N. of Bur Reed",21.7,NA,"Y:\Collections\Natural Resources Management\Burn\Burn History\11-28-2012.pdf","X-87"
310,150,0,NA,NA,26.5976,NA,NA,"X-87"
311,NA,NA,NA,NA,NA,NA,NA,"W-112"
312,NA,NA,NA,NA,NA,NA,NA,"W-109"
313,443,0,"2017/11/29","Far East Woods",0,NA,NA,"V-136"
314,443,0,"2017/11/29","Far East Woods",0,NA,NA,"V-134"
315,NA,NA,NA,NA,NA,NA,NA,"W-106"
316,227,0,"2009/11/06","Central Woods",28.8043,NA,NA,"W-91"
316,315,0,NA,NA,26.6,NA,NA,"W-91"
316,150,0,NA,NA,26.5976,NA,NA,"W-91"
316,10,0,"2012/11/28","Woodland N. of Bur Reed",21.7,NA,"Y:\Collections\Natural Resources Management\Burn\Burn History\11-28-2012.pdf","W-91"
317,227,0,"2009/11/06","Central Woods",28.8043,NA,NA,"W-87"
317,10,0,"2012/11/28","Woodland N. of Bur Reed",21.7,NA,"Y:\Collections\Natural Resources Management\Burn\Burn History\11-28-2012.pdf","W-87"
317,150,0,NA,NA,26.5976,NA,NA,"W-87"
317,315,0,NA,NA,26.6,NA,NA,"W-87"
318,NA,NA,NA,NA,NA,NA,NA,"V-114"
319,NA,NA,NA,NA,NA,NA,NA,"V-113"
320,NA,NA,NA,NA,NA,NA,NA,"V-111"
321,443,0,"2017/11/29","Far East Woods",0,NA,NA,"U-134"
322,443,0,"2017/11/29","Far East Woods",0,NA,NA,"U-130"
323,257,0,NA,"East Woods",14.21,NA,NA,"U-125"
323,87,0,"2013/04/05","East Woods",14.2106,NA,NA,"U-125"
323,221,0,"2009/11/11","P11 thru P12",4.65665,NA,NA,"U-125"
324,NA,NA,NA,NA,NA,NA,NA,"T-147"
325,150,0,NA,NA,26.5976,NA,NA,"V-89"
325,227,0,"2009/11/06","Central Woods",28.8043,NA,NA,"V-89"
325,10,0,"2012/11/28","Woodland N. of Bur Reed",21.7,NA,"Y:\Collections\Natural Resources Management\Burn\Burn History\11-28-2012.pdf","V-89"
325,315,0,NA,NA,26.6,NA,NA,"V-89"
326,227,0,"2009/11/06","Central Woods",28.8043,NA,NA,"V-84"
326,10,0,"2012/11/28","Woodland N. of Bur Reed",21.7,NA,"Y:\Collections\Natural Resources Management\Burn\Burn History\11-28-2012.pdf","V-84"
326,150,0,NA,NA,26.5976,NA,NA,"V-84"
326,315,0,NA,NA,26.6,NA,NA,"V-84"
327,NA,NA,NA,NA,NA,NA,NA,"U-111"
328,NA,NA,NA,NA,NA,NA,NA,"U-110"
329,NA,NA,NA,NA,NA,NA,NA,"U-107"
330,443,0,"2017/11/29","Far East Woods",0,NA,NA,"T-132"
331,257,0,NA,"East Woods",14.21,NA,NA,"T-127"
331,87,0,"2013/04/05","East Woods",14.2106,NA,NA,"T-127"
332,9,0,"2012/11/28","Woodland E. of Bur Reed",9.5,NA,"Y:\Collections\Natural Resources Management\Burn\Burn History\11-28-2012.pdf","U-98"
332,150,0,NA,NA,26.5976,NA,NA,"U-98"
332,315,0,NA,NA,26.6,NA,NA,"U-98"
332,227,0,"2009/11/06","Central Woods",28.8043,NA,NA,"U-98"
333,227,0,"2009/11/06","Central Woods",28.8043,NA,NA,"U-96"
333,267,0,NA,NA,10.6,NA,"W:\Collections\Maintenance\Burn\Burn History\Burn Plan.Bur Reed Marsh.pdf","U-96"
333,9,0,"2012/11/28","Woodland E. of Bur Reed",9.5,NA,"Y:\Collections\Natural Resources Management\Burn\Burn History\11-28-2012.pdf","U-96"
334,6,0,"2012/11/29","E. Woods near Spruce Plot",12.1,NA,"Y:\Collections\Natural Resources Management\Burn\Burn History\11-29-2012.pdf","T-122"
335,NA,NA,NA,NA,NA,NA,NA,"T-114"
336,443,0,"2017/11/29","Far East Woods",0,NA,NA,"S-134"
337,6,0,"2012/11/29","E. Woods near Spruce Plot",12.1,NA,"Y:\Collections\Natural Resources Management\Burn\Burn History\11-29-2012.pdf","S-126"
338,227,0,"2009/11/06","Central Woods",28.8043,NA,NA,"T-88"
338,315,0,NA,NA,26.6,NA,NA,"T-88"
338,150,0,NA,NA,26.5976,NA,NA,"T-88"
338,10,0,"2012/11/28","Woodland N. of Bur Reed",21.7,NA,"Y:\Collections\Natural Resources Management\Burn\Burn History\11-28-2012.pdf","T-88"
339,227,0,"2009/11/06","Central Woods",28.8043,NA,NA,"T-84"
339,10,0,"2012/11/28","Woodland N. of Bur Reed",21.7,NA,"Y:\Collections\Natural Resources Management\Burn\Burn History\11-28-2012.pdf","T-84"
339,315,0,NA,NA,26.6,NA,NA,"T-84"
339,150,0,NA,NA,26.5976,NA,NA,"T-84"
340,NA,NA,NA,NA,NA,NA,NA,"S-111"
341,NA,NA,NA,NA,NA,NA,NA,"S-105"
342,417,469,"2015/04/01","East Woods",13.9,NA,NA,"R-128"
342,61,23,NA,NA,14.0875,NA,NA,"R-128"
342,29,0,"2011/11/22","East Woods",14.09,NA,"Y:\Collections\Natural Resources Management\Burn\Burn History\East Woods.3 Burn Report.pdf","R-128"
343,98,0,"2006/11/22","Bur Reed",10.6246,NA,"Y:\Collections\Natural Resources Management\Burn\Burn History\Burn Plan.Bur Reed Marsh.pdf","S-97"
343,9,0,"2012/11/28","Woodland E. of Bur Reed",9.5,NA,"Y:\Collections\Natural Resources Management\Burn\Burn History\11-28-2012.pdf","S-97"
343,227,0,"2009/11/06","Central Woods",28.8043,NA,NA,"S-97"
343,267,0,NA,NA,10.6,NA,"W:\Collections\Maintenance\Burn\Burn History\Burn Plan.Bur Reed Marsh.pdf","S-97"
344,NA,NA,NA,NA,NA,NA,NA,"R-116"
345,227,0,"2009/11/06","Central Woods",28.8043,NA,NA,"S-86"
345,10,0,"2012/11/28","Woodland N. of Bur Reed",21.7,NA,"Y:\Collections\Natural Resources Management\Burn\Burn History\11-28-2012.pdf","S-86"
345,150,0,NA,NA,26.5976,NA,NA,"S-86"
345,315,0,NA,NA,26.6,NA,NA,"S-86"
346,NA,NA,NA,NA,NA,NA,NA,"R-113"
347,NA,NA,NA,NA,NA,NA,NA,"R-109"
348,443,0,"2017/11/29","Far East Woods",0,NA,NA,"Q-135"
349,443,0,"2017/11/29","Far East Woods",0,NA,NA,"Q-132"
350,29,0,"2011/11/22","East Woods",14.09,NA,"Y:\Collections\Natural Resources Management\Burn\Burn History\East Woods.3 Burn Report.pdf","Q-129"
350,61,23,NA,NA,14.0875,NA,NA,"Q-129"
350,417,469,"2015/04/01","East Woods",13.9,NA,NA,"Q-129"
351,6,0,"2012/11/29","E. Woods near Spruce Plot",12.1,NA,"Y:\Collections\Natural Resources Management\Burn\Burn History\11-29-2012.pdf","Q-127"
352,6,0,"2012/11/29","E. Woods near Spruce Plot",12.1,NA,"Y:\Collections\Natural Resources Management\Burn\Burn History\11-29-2012.pdf","Q-122"
353,6,0,"2012/11/29","E. Woods near Spruce Plot",12.1,NA,"Y:\Collections\Natural Resources Management\Burn\Burn History\11-29-2012.pdf","Q-120"
354,260,0,NA,NA,6.94,NA,NA,"R-86"
354,10,0,"2012/11/28","Woodland N. of Bur Reed",21.7,NA,"Y:\Collections\Natural Resources Management\Burn\Burn History\11-28-2012.pdf","R-86"
354,90,0,NA,NA,6.9406,NA,NA,"R-86"
354,267,0,NA,NA,10.6,NA,"W:\Collections\Maintenance\Burn\Burn History\Burn Plan.Bur Reed Marsh.pdf","R-86"
354,227,0,"2009/11/06","Central Woods",28.8043,NA,NA,"R-86"
354,98,0,"2006/11/22","Bur Reed",10.6246,NA,"Y:\Collections\Natural Resources Management\Burn\Burn History\Burn Plan.Bur Reed Marsh.pdf","R-86"
355,NA,NA,NA,NA,NA,NA,NA,"P-138"
356,NA,NA,NA,NA,NA,NA,NA,"Q-110"
357,6,0,"2012/11/29","E. Woods near Spruce Plot",12.1,NA,"Y:\Collections\Natural Resources Management\Burn\Burn History\11-29-2012.pdf","P-126"
358,6,0,"2012/11/29","E. Woods near Spruce Plot",12.1,NA,"Y:\Collections\Natural Resources Management\Burn\Burn History\11-29-2012.pdf","P-124"
359,443,0,"2017/11/29","Far East Woods",0,NA,NA,"O-136"
360,443,0,"2017/11/29","Far East Woods",0,NA,NA,"O-135"
361,NA,NA,NA,NA,NA,NA,NA,"P-107"
362,61,23,NA,NA,14.0875,NA,NA,"O-131"
362,417,469,"2015/04/01","East Woods",13.9,NA,NA,"O-131"
362,29,0,"2011/11/22","East Woods",14.09,NA,"Y:\Collections\Natural Resources Management\Burn\Burn History\East Woods.3 Burn Report.pdf","O-131"
363,NA,NA,NA,NA,NA,NA,NA,"O-121"
364,NA,NA,NA,NA,NA,NA,NA,"O-109"
365,NA,NA,NA,NA,NA,NA,NA,"O-108"
366,NA,NA,NA,NA,NA,NA,NA,"O-105"
367,NA,NA,NA,NA,NA,NA,NA,"N-123"
368,NA,NA,NA,NA,NA,NA,NA,"N-116"
369,NA,NA,NA,NA,NA,NA,NA,"N-115"
370,NA,NA,NA,NA,NA,NA,NA,"N-113"
371,NA,NA,NA,NA,NA,NA,NA,"N-110"
372,443,0,"2017/11/29","Far East Woods",0,NA,NA,"M-137"
373,443,0,"2017/11/29","Far East Woods",0,NA,NA,"M-134"
374,NA,NA,NA,NA,NA,NA,NA,"M-118"
375,NA,NA,NA,NA,NA,NA,NA,"L-121"
376,NA,NA,NA,NA,NA,NA,NA,"L-120"
377,259,0,NA,NA,5.91,NA,NA,"L-111"
377,89,0,NA,NA,5.9082,NA,NA,"L-111"
378,NA,NA,NA,NA,NA,NA,NA,"K-137"
379,61,23,NA,NA,14.0875,NA,NA,"K-130"
379,6,0,"2012/11/29","E. Woods near Spruce Plot",12.1,NA,"Y:\Collections\Natural Resources Management\Burn\Burn History\11-29-2012.pdf","K-130"
379,417,469,"2015/04/01","East Woods",13.9,NA,NA,"K-130"
380,NA,NA,NA,NA,NA,NA,NA,"K-116"
381,NA,NA,NA,NA,NA,NA,NA,"K-115"
382,443,0,"2017/11/29","Far East Woods",0,NA,NA,"J-135"
383,NA,NA,NA,NA,NA,NA,NA,"K-107"
384,61,23,NA,NA,14.0875,NA,NA,"J-133"
384,29,0,"2011/11/22","East Woods",14.09,NA,"Y:\Collections\Natural Resources Management\Burn\Burn History\East Woods.3 Burn Report.pdf","J-133"
384,417,469,"2015/04/01","East Woods",13.9,NA,NA,"J-133"
385,385,437,"2014/11/10","South 40",17.9,NA,"T:\Natural resources\Burns\2014 Fall Burns\11-10-2014\South 40\South 40 Burn Report.pdf","J-121"
385,222,0,"2009/11/06","South 40",28.2284,NA,NA,"J-121"
385,97,0,"2006/11/27","South 40",40.5636,NA,"Y:\Collections\Natural Resources Management\Burn\Burn History\Burn Plan.South Forty.pdf","J-121"
385,95,0,NA,"South 40",40.4864,NA,NA,"J-121"
385,268,0,"2007/11/01","South 40",30.4,NA,"Y:\Collections\Natural Resources Management\Burn\Burn History\Burn Report.South Forty.pdf","J-121"
385,224,0,NA,NA,18.554,NA,NA,"J-121"
385,286,0,NA,NA,0,NA,NA,"J-121"
385,264,0,NA,NA,40.49,NA,NA,"J-121"
385,88,0,NA,"South 40",40.4405,NA,NA,"J-121"
385,108,0,"2007/11/01","South 40",30.3679,NA,"Y:\Collections\Natural Resources Management\Burn\Burn History\Burn Report.South Forty.pdf","J-121"
385,266,0,NA,NA,40.6,NA,"W:\Collections\Maintenance\Burn\Burn History\Burn Plan.South Forty.pdf","J-121"
385,21,0,"2012/11/14","South 40",14.6,NA,"Y:\Collections\Natural Resources Management\Burn\Burn History\11-14-2012.pdf","J-121"
385,258,0,NA,NA,40.44,"2013 unsure on date",NA,"J-121"
385,59,21,NA,"South 40",40.7249,NA,NA,"J-121"
386,NA,NA,NA,NA,NA,NA,NA,"I-138"
387,89,0,NA,NA,5.9082,NA,NA,"J-110"
387,259,0,NA,NA,5.91,NA,NA,"J-110"
388,61,23,NA,NA,14.0875,NA,NA,"I-133"
388,29,0,"2011/11/22","East Woods",14.09,NA,"Y:\Collections\Natural Resources Management\Burn\Burn History\East Woods.3 Burn Report.pdf","I-133"
388,417,469,"2015/04/01","East Woods",13.9,NA,NA,"I-133"
389,266,0,NA,NA,40.6,NA,"W:\Collections\Maintenance\Burn\Burn History\Burn Plan.South Forty.pdf","I-124"
389,97,0,"2006/11/27","South 40",40.5636,NA,"Y:\Collections\Natural Resources Management\Burn\Burn History\Burn Plan.South Forty.pdf","I-124"
389,268,0,"2007/11/01","South 40",30.4,NA,"Y:\Collections\Natural Resources Management\Burn\Burn History\Burn Report.South Forty.pdf","I-124"
389,286,0,NA,NA,0,NA,NA,"I-124"
389,224,0,NA,NA,18.554,NA,NA,"I-124"
389,264,0,NA,NA,40.49,NA,NA,"I-124"
389,95,0,NA,"South 40",40.4864,NA,NA,"I-124"
389,88,0,NA,"South 40",40.4405,NA,NA,"I-124"
389,385,437,"2014/11/10","South 40",17.9,NA,"T:\Natural resources\Burns\2014 Fall Burns\11-10-2014\South 40\South 40 Burn Report.pdf","I-124"
389,21,0,"2012/11/14","South 40",14.6,NA,"Y:\Collections\Natural Resources Management\Burn\Burn History\11-14-2012.pdf","I-124"
389,59,21,NA,"South 40",40.7249,NA,NA,"I-124"
389,108,0,"2007/11/01","South 40",30.3679,NA,"Y:\Collections\Natural Resources Management\Burn\Burn History\Burn Report.South Forty.pdf","I-124"
389,222,0,"2009/11/06","South 40",28.2284,NA,NA,"I-124"
389,258,0,NA,NA,40.44,"2013 unsure on date",NA,"I-124"
390,268,0,"2007/11/01","South 40",30.4,NA,"Y:\Collections\Natural Resources Management\Burn\Burn History\Burn Report.South Forty.pdf","I-117"
390,264,0,NA,NA,40.49,NA,NA,"I-117"
390,222,0,"2009/11/06","South 40",28.2284,NA,NA,"I-117"
390,97,0,"2006/11/27","South 40",40.5636,NA,"Y:\Collections\Natural Resources Management\Burn\Burn History\Burn Plan.South Forty.pdf","I-117"
390,266,0,NA,NA,40.6,NA,"W:\Collections\Maintenance\Burn\Burn History\Burn Plan.South Forty.pdf","I-117"
390,385,437,"2014/11/10","South 40",17.9,NA,"T:\Natural resources\Burns\2014 Fall Burns\11-10-2014\South 40\South 40 Burn Report.pdf","I-117"
390,95,0,NA,"South 40",40.4864,NA,NA,"I-117"
390,224,0,NA,NA,18.554,NA,NA,"I-117"
390,258,0,NA,NA,40.44,"2013 unsure on date",NA,"I-117"
390,59,21,NA,"South 40",40.7249,NA,NA,"I-117"
390,21,0,"2012/11/14","South 40",14.6,NA,"Y:\Collections\Natural Resources Management\Burn\Burn History\11-14-2012.pdf","I-117"
390,108,0,"2007/11/01","South 40",30.3679,NA,"Y:\Collections\Natural Resources Management\Burn\Burn History\Burn Report.South Forty.pdf","I-117"
390,286,0,NA,NA,0,NA,NA,"I-117"
390,88,0,NA,"South 40",40.4405,NA,NA,"I-117"
391,97,0,"2006/11/27","South 40",40.5636,NA,"Y:\Collections\Natural Resources Management\Burn\Burn History\Burn Plan.South Forty.pdf","I-116"
391,266,0,NA,NA,40.6,NA,"W:\Collections\Maintenance\Burn\Burn History\Burn Plan.South Forty.pdf","I-116"
391,385,437,"2014/11/10","South 40",17.9,NA,"T:\Natural resources\Burns\2014 Fall Burns\11-10-2014\South 40\South 40 Burn Report.pdf","I-116"
391,264,0,NA,NA,40.49,NA,NA,"I-116"
391,222,0,"2009/11/06","South 40",28.2284,NA,NA,"I-116"
391,258,0,NA,NA,40.44,"2013 unsure on date",NA,"I-116"
391,224,0,NA,NA,18.554,NA,NA,"I-116"
391,21,0,"2012/11/14","South 40",14.6,NA,"Y:\Collections\Natural Resources Management\Burn\Burn History\11-14-2012.pdf","I-116"
391,286,0,NA,NA,0,NA,NA,"I-116"
391,268,0,"2007/11/01","South 40",30.4,NA,"Y:\Collections\Natural Resources Management\Burn\Burn History\Burn Report.South Forty.pdf","I-116"
391,95,0,NA,"South 40",40.4864,NA,NA,"I-116"
391,108,0,"2007/11/01","South 40",30.3679,NA,"Y:\Collections\Natural Resources Management\Burn\Burn History\Burn Report.South Forty.pdf","I-116"
391,88,0,NA,"South 40",40.4405,NA,NA,"I-116"
391,59,21,NA,"South 40",40.7249,NA,NA,"I-116"
392,NA,NA,NA,NA,NA,NA,NA,"I-107"
393,266,0,NA,NA,40.6,NA,"W:\Collections\Maintenance\Burn\Burn History\Burn Plan.South Forty.pdf","H-115"
393,385,437,"2014/11/10","South 40",17.9,NA,"T:\Natural resources\Burns\2014 Fall Burns\11-10-2014\South 40\South 40 Burn Report.pdf","H-115"
393,108,0,"2007/11/01","South 40",30.3679,NA,"Y:\Collections\Natural Resources Management\Burn\Burn History\Burn Report.South Forty.pdf","H-115"
393,268,0,"2007/11/01","South 40",30.4,NA,"Y:\Collections\Natural Resources Management\Burn\Burn History\Burn Report.South Forty.pdf","H-115"
393,264,0,NA,NA,40.49,NA,NA,"H-115"
393,224,0,NA,NA,18.554,NA,NA,"H-115"
393,286,0,NA,NA,0,NA,NA,"H-115"
393,88,0,NA,"South 40",40.4405,NA,NA,"H-115"
393,222,0,"2009/11/06","South 40",28.2284,NA,NA,"H-115"
393,258,0,NA,NA,40.44,"2013 unsure on date",NA,"H-115"
393,21,0,"2012/11/14","South 40",14.6,NA,"Y:\Collections\Natural Resources Management\Burn\Burn History\11-14-2012.pdf","H-115"
393,59,21,NA,"South 40",40.7249,NA,NA,"H-115"
393,95,0,NA,"South 40",40.4864,NA,NA,"H-115"
393,97,0,"2006/11/27","South 40",40.5636,NA,"Y:\Collections\Natural Resources Management\Burn\Burn History\Burn Plan.South Forty.pdf","H-115"
394,NA,NA,NA,NA,NA,NA,NA,"G-137"
395,61,23,NA,NA,14.0875,NA,NA,"G-132"
395,417,469,"2015/04/01","East Woods",13.9,NA,NA,"G-132"
395,29,0,"2011/11/22","East Woods",14.09,NA,"Y:\Collections\Natural Resources Management\Burn\Burn History\East Woods.3 Burn Report.pdf","G-132"
396,88,0,NA,"South 40",40.4405,NA,NA,"G-126"
396,21,0,"2012/11/14","South 40",14.6,NA,"Y:\Collections\Natural Resources Management\Burn\Burn History\11-14-2012.pdf","G-126"
396,222,0,"2009/11/06","South 40",28.2284,NA,NA,"G-126"
396,268,0,"2007/11/01","South 40",30.4,NA,"Y:\Collections\Natural Resources Management\Burn\Burn History\Burn Report.South Forty.pdf","G-126"
396,286,0,NA,NA,0,NA,NA,"G-126"
396,385,437,"2014/11/10","South 40",17.9,NA,"T:\Natural resources\Burns\2014 Fall Burns\11-10-2014\South 40\South 40 Burn Report.pdf","G-126"
396,258,0,NA,NA,40.44,"2013 unsure on date",NA,"G-126"
396,97,0,"2006/11/27","South 40",40.5636,NA,"Y:\Collections\Natural Resources Management\Burn\Burn History\Burn Plan.South Forty.pdf","G-126"
396,264,0,NA,NA,40.49,NA,NA,"G-126"
396,59,21,NA,"South 40",40.7249,NA,NA,"G-126"
396,224,0,NA,NA,18.554,NA,NA,"G-126"
396,266,0,NA,NA,40.6,NA,"W:\Collections\Maintenance\Burn\Burn History\Burn Plan.South Forty.pdf","G-126"
396,108,0,"2007/11/01","South 40",30.3679,NA,"Y:\Collections\Natural Resources Management\Burn\Burn History\Burn Report.South Forty.pdf","G-126"
396,95,0,NA,"South 40",40.4864,NA,NA,"G-126"
397,417,469,"2015/04/01","East Woods",13.9,NA,NA,"F-134"
397,61,23,NA,NA,14.0875,NA,NA,"F-134"
398,222,0,"2009/11/06","South 40",28.2284,NA,NA,"F-129"
398,59,21,NA,"South 40",40.7249,NA,NA,"F-129"
398,286,0,NA,NA,0,NA,NA,"F-129"
398,21,0,"2012/11/14","South 40",14.6,NA,"Y:\Collections\Natural Resources Management\Burn\Burn History\11-14-2012.pdf","F-129"
398,88,0,NA,"South 40",40.4405,NA,NA,"F-129"
398,224,0,NA,NA,18.554,NA,NA,"F-129"
398,385,437,"2014/11/10","South 40",17.9,NA,"T:\Natural resources\Burns\2014 Fall Burns\11-10-2014\South 40\South 40 Burn Report.pdf","F-129"
398,258,0,NA,NA,40.44,"2013 unsure on date",NA,"F-129"
398,268,0,"2007/11/01","South 40",30.4,NA,"Y:\Collections\Natural Resources Management\Burn\Burn History\Burn Report.South Forty.pdf","F-129"
398,97,0,"2006/11/27","South 40",40.5636,NA,"Y:\Collections\Natural Resources Management\Burn\Burn History\Burn Plan.South Forty.pdf","F-129"
398,264,0,NA,NA,40.49,NA,NA,"F-129"
398,95,0,NA,"South 40",40.4864,NA,NA,"F-129"
398,266,0,NA,NA,40.6,NA,"W:\Collections\Maintenance\Burn\Burn History\Burn Plan.South Forty.pdf","F-129"
398,108,0,"2007/11/01","South 40",30.3679,NA,"Y:\Collections\Natural Resources Management\Burn\Burn History\Burn Report.South Forty.pdf","F-129"
399,268,0,"2007/11/01","South 40",30.4,NA,"Y:\Collections\Natural Resources Management\Burn\Burn History\Burn Report.South Forty.pdf","F-122"
399,59,21,NA,"South 40",40.7249,NA,NA,"F-122"
399,223,0,NA,NA,19.128,NA,NA,"F-122"
399,23,0,"2012/11/29","South 40",40,NA,"Y:\Collections\Natural Resources Management\Burn\Burn History\11-29-2012.pdf","F-122"
399,97,0,"2006/11/27","South 40",40.5636,NA,"Y:\Collections\Natural Resources Management\Burn\Burn History\Burn Plan.South Forty.pdf","F-122"
399,264,0,NA,NA,40.49,NA,NA,"F-122"
399,88,0,NA,"South 40",40.4405,NA,NA,"F-122"
399,225,0,NA,NA,36.9805,NA,NA,"F-122"
399,258,0,NA,NA,40.44,"2013 unsure on date",NA,"F-122"
399,266,0,NA,NA,40.6,NA,"W:\Collections\Maintenance\Burn\Burn History\Burn Plan.South Forty.pdf","F-122"
399,287,0,NA,NA,0,NA,NA,"F-122"
399,108,0,"2007/11/01","South 40",30.3679,NA,"Y:\Collections\Natural Resources Management\Burn\Burn History\Burn Report.South Forty.pdf","F-122"
399,95,0,NA,"South 40",40.4864,NA,NA,"F-122"
399,416,468,"2015/04/01","South 40",34.1,NA,NA,"F-122"
400,264,0,NA,NA,40.49,NA,NA,"F-118"
400,225,0,NA,NA,36.9805,NA,NA,"F-118"
400,97,0,"2006/11/27","South 40",40.5636,NA,"Y:\Collections\Natural Resources Management\Burn\Burn History\Burn Plan.South Forty.pdf","F-118"
400,416,468,"2015/04/01","South 40",34.1,NA,NA,"F-118"
400,258,0,NA,NA,40.44,"2013 unsure on date",NA,"F-118"
400,59,21,NA,"South 40",40.7249,NA,NA,"F-118"
400,287,0,NA,NA,0,NA,NA,"F-118"
400,88,0,NA,"South 40",40.4405,NA,NA,"F-118"
400,95,0,NA,"South 40",40.4864,NA,NA,"F-118"
400,23,0,"2012/11/29","South 40",40,NA,"Y:\Collections\Natural Resources Management\Burn\Burn History\11-29-2012.pdf","F-118"
400,223,0,NA,NA,19.128,NA,NA,"F-118"
400,266,0,NA,NA,40.6,NA,"W:\Collections\Maintenance\Burn\Burn History\Burn Plan.South Forty.pdf","F-118"
401,225,0,NA,NA,36.9805,NA,NA,"F-114"
401,95,0,NA,"South 40",40.4864,NA,NA,"F-114"
401,88,0,NA,"South 40",40.4405,NA,NA,"F-114"
401,23,0,"2012/11/29","South 40",40,NA,"Y:\Collections\Natural Resources Management\Burn\Burn History\11-29-2012.pdf","F-114"
401,59,21,NA,"South 40",40.7249,NA,NA,"F-114"
401,264,0,NA,NA,40.49,NA,NA,"F-114"
401,266,0,NA,NA,40.6,NA,"W:\Collections\Maintenance\Burn\Burn History\Burn Plan.South Forty.pdf","F-114"
401,222,0,"2009/11/06","South 40",28.2284,NA,NA,"F-114"
401,258,0,NA,NA,40.44,"2013 unsure on date",NA,"F-114"
401,97,0,"2006/11/27","South 40",40.5636,NA,"Y:\Collections\Natural Resources Management\Burn\Burn History\Burn Plan.South Forty.pdf","F-114"
401,287,0,NA,NA,0,NA,NA,"F-114"
401,416,468,"2015/04/01","South 40",34.1,NA,NA,"F-114"
402,95,0,NA,"South 40",40.4864,NA,NA,"F-113"
402,97,0,"2006/11/27","South 40",40.5636,NA,"Y:\Collections\Natural Resources Management\Burn\Burn History\Burn Plan.South Forty.pdf","F-113"
402,225,0,NA,NA,36.9805,NA,NA,"F-113"
402,266,0,NA,NA,40.6,NA,"W:\Collections\Maintenance\Burn\Burn History\Burn Plan.South Forty.pdf","F-113"
402,88,0,NA,"South 40",40.4405,NA,NA,"F-113"
402,59,21,NA,"South 40",40.7249,NA,NA,"F-113"
402,23,0,"2012/11/29","South 40",40,NA,"Y:\Collections\Natural Resources Management\Burn\Burn History\11-29-2012.pdf","F-113"
402,264,0,NA,NA,40.49,NA,NA,"F-113"
402,258,0,NA,NA,40.44,"2013 unsure on date",NA,"F-113"
402,287,0,NA,NA,0,NA,NA,"F-113"
402,222,0,"2009/11/06","South 40",28.2284,NA,NA,"F-113"
402,416,468,"2015/04/01","South 40",34.1,NA,NA,"F-113"
403,287,0,NA,NA,0,NA,NA,"F-108"
403,258,0,NA,NA,40.44,"2013 unsure on date",NA,"F-108"
403,264,0,NA,NA,40.49,NA,NA,"F-108"
403,225,0,NA,NA,36.9805,NA,NA,"F-108"
403,266,0,NA,NA,40.6,NA,"W:\Collections\Maintenance\Burn\Burn History\Burn Plan.South Forty.pdf","F-108"
403,222,0,"2009/11/06","South 40",28.2284,NA,NA,"F-108"
403,416,468,"2015/04/01","South 40",34.1,NA,NA,"F-108"
403,88,0,NA,"South 40",40.4405,NA,NA,"F-108"
403,23,0,"2012/11/29","South 40",40,NA,"Y:\Collections\Natural Resources Management\Burn\Burn History\11-29-2012.pdf","F-108"
403,59,21,NA,"South 40",40.7249,NA,NA,"F-108"
403,95,0,NA,"South 40",40.4864,NA,NA,"F-108"
403,97,0,"2006/11/27","South 40",40.5636,NA,"Y:\Collections\Natural Resources Management\Burn\Burn History\Burn Plan.South Forty.pdf","F-108"
404,59,21,NA,"South 40",40.7249,NA,NA,"F-107"
404,225,0,NA,NA,36.9805,NA,NA,"F-107"
404,97,0,"2006/11/27","South 40",40.5636,NA,"Y:\Collections\Natural Resources Management\Burn\Burn History\Burn Plan.South Forty.pdf","F-107"
404,416,468,"2015/04/01","South 40",34.1,NA,NA,"F-107"
404,88,0,NA,"South 40",40.4405,NA,NA,"F-107"
404,266,0,NA,NA,40.6,NA,"W:\Collections\Maintenance\Burn\Burn History\Burn Plan.South Forty.pdf","F-107"
404,258,0,NA,NA,40.44,"2013 unsure on date",NA,"F-107"
404,287,0,NA,NA,0,NA,NA,"F-107"
404,23,0,"2012/11/29","South 40",40,NA,"Y:\Collections\Natural Resources Management\Burn\Burn History\11-29-2012.pdf","F-107"
404,222,0,"2009/11/06","South 40",28.2284,NA,NA,"F-107"
404,95,0,NA,"South 40",40.4864,NA,NA,"F-107"
404,264,0,NA,NA,40.49,NA,NA,"F-107"
405,416,468,"2015/04/01","South 40",34.1,NA,NA,"E-111"
405,287,0,NA,NA,0,NA,NA,"E-111"
405,225,0,NA,NA,36.9805,NA,NA,"E-111"
405,23,0,"2012/11/29","South 40",40,NA,"Y:\Collections\Natural Resources Management\Burn\Burn History\11-29-2012.pdf","E-111"
406,97,0,"2006/11/27","South 40",40.5636,NA,"Y:\Collections\Natural Resources Management\Burn\Burn History\Burn Plan.South Forty.pdf","E-110"
406,266,0,NA,NA,40.6,NA,"W:\Collections\Maintenance\Burn\Burn History\Burn Plan.South Forty.pdf","E-110"
406,258,0,NA,NA,40.44,"2013 unsure on date",NA,"E-110"
406,95,0,NA,"South 40",40.4864,NA,NA,"E-110"
406,416,468,"2015/04/01","South 40",34.1,NA,NA,"E-110"
406,287,0,NA,NA,0,NA,NA,"E-110"
406,88,0,NA,"South 40",40.4405,NA,NA,"E-110"
406,225,0,NA,NA,36.9805,NA,NA,"E-110"
406,59,21,NA,"South 40",40.7249,NA,NA,"E-110"
406,23,0,"2012/11/29","South 40",40,NA,"Y:\Collections\Natural Resources Management\Burn\Burn History\11-29-2012.pdf","E-110"
406,264,0,NA,NA,40.49,NA,NA,"E-110"
407,266,0,NA,NA,40.6,NA,"W:\Collections\Maintenance\Burn\Burn History\Burn Plan.South Forty.pdf","E-109"
407,97,0,"2006/11/27","South 40",40.5636,NA,"Y:\Collections\Natural Resources Management\Burn\Burn History\Burn Plan.South Forty.pdf","E-109"
407,258,0,NA,NA,40.44,"2013 unsure on date",NA,"E-109"
407,59,21,NA,"South 40",40.7249,NA,NA,"E-109"
407,88,0,NA,"South 40",40.4405,NA,NA,"E-109"
407,23,0,"2012/11/29","South 40",40,NA,"Y:\Collections\Natural Resources Management\Burn\Burn History\11-29-2012.pdf","E-109"
407,95,0,NA,"South 40",40.4864,NA,NA,"E-109"
407,416,468,"2015/04/01","South 40",34.1,NA,NA,"E-109"
407,287,0,NA,NA,0,NA,NA,"E-109"
407,225,0,NA,NA,36.9805,NA,NA,"E-109"
407,264,0,NA,NA,40.49,NA,NA,"E-109"
408,61,23,NA,NA,14.0875,NA,NA,"D-134"
408,417,469,"2015/04/01","East Woods",13.9,NA,NA,"D-134"
409,258,0,NA,NA,40.44,"2013 unsure on date",NA,"D-123"
409,264,0,NA,NA,40.49,NA,NA,"D-123"
409,266,0,NA,NA,40.6,NA,"W:\Collections\Maintenance\Burn\Burn History\Burn Plan.South Forty.pdf","D-123"
409,416,468,"2015/04/01","South 40",34.1,NA,NA,"D-123"
409,108,0,"2007/11/01","South 40",30.3679,NA,"Y:\Collections\Natural Resources Management\Burn\Burn History\Burn Report.South Forty.pdf","D-123"
409,268,0,"2007/11/01","South 40",30.4,NA,"Y:\Collections\Natural Resources Management\Burn\Burn History\Burn Report.South Forty.pdf","D-123"
409,223,0,NA,NA,19.128,NA,NA,"D-123"
409,97,0,"2006/11/27","South 40",40.5636,NA,"Y:\Collections\Natural Resources Management\Burn\Burn History\Burn Plan.South Forty.pdf","D-123"
409,225,0,NA,NA,36.9805,NA,NA,"D-123"
409,287,0,NA,NA,0,NA,NA,"D-123"
409,23,0,"2012/11/29","South 40",40,NA,"Y:\Collections\Natural Resources Management\Burn\Burn History\11-29-2012.pdf","D-123"
409,88,0,NA,"South 40",40.4405,NA,NA,"D-123"
409,59,21,NA,"South 40",40.7249,NA,NA,"D-123"
409,95,0,NA,"South 40",40.4864,NA,NA,"D-123"
410,97,0,"2006/11/27","South 40",40.5636,NA,"Y:\Collections\Natural Resources Management\Burn\Burn History\Burn Plan.South Forty.pdf","D-117"
410,225,0,NA,NA,36.9805,NA,NA,"D-117"
410,416,468,"2015/04/01","South 40",34.1,NA,NA,"D-117"
410,88,0,NA,"South 40",40.4405,NA,NA,"D-117"
410,258,0,NA,NA,40.44,"2013 unsure on date",NA,"D-117"
410,266,0,NA,NA,40.6,NA,"W:\Collections\Maintenance\Burn\Burn History\Burn Plan.South Forty.pdf","D-117"
410,287,0,NA,NA,0,NA,NA,"D-117"
410,95,0,NA,"South 40",40.4864,NA,NA,"D-117"
410,59,21,NA,"South 40",40.7249,NA,NA,"D-117"
410,264,0,NA,NA,40.49,NA,NA,"D-117"
410,23,0,"2012/11/29","South 40",40,NA,"Y:\Collections\Natural Resources Management\Burn\Burn History\11-29-2012.pdf","D-117"
411,NA,NA,NA,NA,NA,NA,NA,"C-136"
412,287,0,NA,NA,0,NA,NA,"C-125"
412,97,0,"2006/11/27","South 40",40.5636,NA,"Y:\Collections\Natural Resources Management\Burn\Burn History\Burn Plan.South Forty.pdf","C-125"
412,95,0,NA,"South 40",40.4864,NA,NA,"C-125"
412,258,0,NA,NA,40.44,"2013 unsure on date",NA,"C-125"
412,416,468,"2015/04/01","South 40",34.1,NA,NA,"C-125"
412,59,21,NA,"South 40",40.7249,NA,NA,"C-125"
412,225,0,NA,NA,36.9805,NA,NA,"C-125"
412,264,0,NA,NA,40.49,NA,NA,"C-125"
412,108,0,"2007/11/01","South 40",30.3679,NA,"Y:\Collections\Natural Resources Management\Burn\Burn History\Burn Report.South Forty.pdf","C-125"
412,23,0,"2012/11/29","South 40",40,NA,"Y:\Collections\Natural Resources Management\Burn\Burn History\11-29-2012.pdf","C-125"
412,268,0,"2007/11/01","South 40",30.4,NA,"Y:\Collections\Natural Resources Management\Burn\Burn History\Burn Report.South Forty.pdf","C-125"
412,266,0,NA,NA,40.6,NA,"W:\Collections\Maintenance\Burn\Burn History\Burn Plan.South Forty.pdf","C-125"
412,223,0,NA,NA,19.128,NA,NA,"C-125"
412,88,0,NA,"South 40",40.4405,NA,NA,"C-125"
413,225,0,NA,NA,36.9805,NA,NA,"C-123"
413,258,0,NA,NA,40.44,"2013 unsure on date",NA,"C-123"
413,97,0,"2006/11/27","South 40",40.5636,NA,"Y:\Collections\Natural Resources Management\Burn\Burn History\Burn Plan.South Forty.pdf","C-123"
413,416,468,"2015/04/01","South 40",34.1,NA,NA,"C-123"
413,264,0,NA,NA,40.49,NA,NA,"C-123"
413,268,0,"2007/11/01","South 40",30.4,NA,"Y:\Collections\Natural Resources Management\Burn\Burn History\Burn Report.South Forty.pdf","C-123"
413,287,0,NA,NA,0,NA,NA,"C-123"
413,59,21,NA,"South 40",40.7249,NA,NA,"C-123"
413,266,0,NA,NA,40.6,NA,"W:\Collections\Maintenance\Burn\Burn History\Burn Plan.South Forty.pdf","C-123"
413,108,0,"2007/11/01","South 40",30.3679,NA,"Y:\Collections\Natural Resources Management\Burn\Burn History\Burn Report.South Forty.pdf","C-123"
413,88,0,NA,"South 40",40.4405,NA,NA,"C-123"
413,223,0,NA,NA,19.128,NA,NA,"C-123"
413,23,0,"2012/11/29","South 40",40,NA,"Y:\Collections\Natural Resources Management\Burn\Burn History\11-29-2012.pdf","C-123"
413,95,0,NA,"South 40",40.4864,NA,NA,"C-123"
414,258,0,NA,NA,40.44,"2013 unsure on date",NA,"C-120"
414,287,0,NA,NA,0,NA,NA,"C-120"
414,264,0,NA,NA,40.49,NA,NA,"C-120"
414,225,0,NA,NA,36.9805,NA,NA,"C-120"
414,266,0,NA,NA,40.6,NA,"W:\Collections\Maintenance\Burn\Burn History\Burn Plan.South Forty.pdf","C-120"
414,59,21,NA,"South 40",40.7249,NA,NA,"C-120"
414,416,468,"2015/04/01","South 40",34.1,NA,NA,"C-120"
414,97,0,"2006/11/27","South 40",40.5636,NA,"Y:\Collections\Natural Resources Management\Burn\Burn History\Burn Plan.South Forty.pdf","C-120"
414,95,0,NA,"South 40",40.4864,NA,NA,"C-120"
414,23,0,"2012/11/29","South 40",40,NA,"Y:\Collections\Natural Resources Management\Burn\Burn History\11-29-2012.pdf","C-120"
414,223,0,NA,NA,19.128,NA,NA,"C-120"
414,88,0,NA,"South 40",40.4405,NA,NA,"C-120"
415,NA,NA,NA,NA,NA,NA,NA,"B-138"
416,108,0,"2007/11/01","South 40",30.3679,NA,"Y:\Collections\Natural Resources Management\Burn\Burn History\Burn Report.South Forty.pdf","B-128"
416,287,0,NA,NA,0,NA,NA,"B-128"
416,225,0,NA,NA,36.9805,NA,NA,"B-128"
416,59,21,NA,"South 40",40.7249,NA,NA,"B-128"
416,88,0,NA,"South 40",40.4405,NA,NA,"B-128"
416,264,0,NA,NA,40.49,NA,NA,"B-128"
416,97,0,"2006/11/27","South 40",40.5636,NA,"Y:\Collections\Natural Resources Management\Burn\Burn History\Burn Plan.South Forty.pdf","B-128"
416,23,0,"2012/11/29","South 40",40,NA,"Y:\Collections\Natural Resources Management\Burn\Burn History\11-29-2012.pdf","B-128"
416,258,0,NA,NA,40.44,"2013 unsure on date",NA,"B-128"
416,268,0,"2007/11/01","South 40",30.4,NA,"Y:\Collections\Natural Resources Management\Burn\Burn History\Burn Report.South Forty.pdf","B-128"
416,223,0,NA,NA,19.128,NA,NA,"B-128"
416,95,0,NA,"South 40",40.4864,NA,NA,"B-128"
416,416,468,"2015/04/01","South 40",34.1,NA,NA,"B-128"
416,266,0,NA,NA,40.6,NA,"W:\Collections\Maintenance\Burn\Burn History\Burn Plan.South Forty.pdf","B-128"
417,95,0,NA,"South 40",40.4864,NA,NA,"B-127"
417,225,0,NA,NA,36.9805,NA,NA,"B-127"
417,268,0,"2007/11/01","South 40",30.4,NA,"Y:\Collections\Natural Resources Management\Burn\Burn History\Burn Report.South Forty.pdf","B-127"
417,88,0,NA,"South 40",40.4405,NA,NA,"B-127"
417,264,0,NA,NA,40.49,NA,NA,"B-127"
417,287,0,NA,NA,0,NA,NA,"B-127"
417,266,0,NA,NA,40.6,NA,"W:\Collections\Maintenance\Burn\Burn History\Burn Plan.South Forty.pdf","B-127"
417,97,0,"2006/11/27","South 40",40.5636,NA,"Y:\Collections\Natural Resources Management\Burn\Burn History\Burn Plan.South Forty.pdf","B-127"
417,59,21,NA,"South 40",40.7249,NA,NA,"B-127"
417,108,0,"2007/11/01","South 40",30.3679,NA,"Y:\Collections\Natural Resources Management\Burn\Burn History\Burn Report.South Forty.pdf","B-127"
417,223,0,NA,NA,19.128,NA,NA,"B-127"
417,23,0,"2012/11/29","South 40",40,NA,"Y:\Collections\Natural Resources Management\Burn\Burn History\11-29-2012.pdf","B-127"
417,416,468,"2015/04/01","South 40",34.1,NA,NA,"B-127"
417,258,0,NA,NA,40.44,"2013 unsure on date",NA,"B-127"
418,NA,NA,NA,NA,NA,NA,NA,"A-137"
419,NA,NA,NA,NA,NA,NA,NA,"A-135"
420,NA,NA,NA,NA,NA,NA,NA,"A-133"
421,NA,NA,NA,NA,NA,NA,NA,"A-131"
422,95,0,NA,"South 40",40.4864,NA,NA,"A-128"
422,268,0,"2007/11/01","South 40",30.4,NA,"Y:\Collections\Natural Resources Management\Burn\Burn History\Burn Report.South Forty.pdf","A-128"
422,23,0,"2012/11/29","South 40",40,NA,"Y:\Collections\Natural Resources Management\Burn\Burn History\11-29-2012.pdf","A-128"
422,59,21,NA,"South 40",40.7249,NA,NA,"A-128"
422,287,0,NA,NA,0,NA,NA,"A-128"
422,223,0,NA,NA,19.128,NA,NA,"A-128"
422,97,0,"2006/11/27","South 40",40.5636,NA,"Y:\Collections\Natural Resources Management\Burn\Burn History\Burn Plan.South Forty.pdf","A-128"
422,88,0,NA,"South 40",40.4405,NA,NA,"A-128"
422,225,0,NA,NA,36.9805,NA,NA,"A-128"
422,108,0,"2007/11/01","South 40",30.3679,NA,"Y:\Collections\Natural Resources Management\Burn\Burn History\Burn Report.South Forty.pdf","A-128"
422,258,0,NA,NA,40.44,"2013 unsure on date",NA,"A-128"
422,266,0,NA,NA,40.6,NA,"W:\Collections\Maintenance\Burn\Burn History\Burn Plan.South Forty.pdf","A-128"
422,416,468,"2015/04/01","South 40",34.1,NA,NA,"A-128"
422,264,0,NA,NA,40.49,NA,NA,"A-128"
423,23,0,"2012/11/29","South 40",40,NA,"Y:\Collections\Natural Resources Management\Burn\Burn History\11-29-2012.pdf","A-126"
423,88,0,NA,"South 40",40.4405,NA,NA,"A-126"
423,59,21,NA,"South 40",40.7249,NA,NA,"A-126"
423,264,0,NA,NA,40.49,NA,NA,"A-126"
423,95,0,NA,"South 40",40.4864,NA,NA,"A-126"
423,268,0,"2007/11/01","South 40",30.4,NA,"Y:\Collections\Natural Resources Management\Burn\Burn History\Burn Report.South Forty.pdf","A-126"
423,97,0,"2006/11/27","South 40",40.5636,NA,"Y:\Collections\Natural Resources Management\Burn\Burn History\Burn Plan.South Forty.pdf","A-126"
423,266,0,NA,NA,40.6,NA,"W:\Collections\Maintenance\Burn\Burn History\Burn Plan.South Forty.pdf","A-126"
423,287,0,NA,NA,0,NA,NA,"A-126"
423,225,0,NA,NA,36.9805,NA,NA,"A-126"
423,223,0,NA,NA,19.128,NA,NA,"A-126"
423,258,0,NA,NA,40.44,"2013 unsure on date",NA,"A-126"
423,108,0,"2007/11/01","South 40",30.3679,NA,"Y:\Collections\Natural Resources Management\Burn\Burn History\Burn Report.South Forty.pdf","A-126"
423,416,468,"2015/04/01","South 40",34.1,NA,NA,"A-126"
424,223,0,NA,NA,19.128,NA,NA,"A-124"
424,23,0,"2012/11/29","South 40",40,NA,"Y:\Collections\Natural Resources Management\Burn\Burn History\11-29-2012.pdf","A-124"
424,287,0,NA,NA,0,NA,NA,"A-124"
424,88,0,NA,"South 40",40.4405,NA,NA,"A-124"
424,264,0,NA,NA,40.49,NA,NA,"A-124"
424,95,0,NA,"South 40",40.4864,NA,NA,"A-124"
424,268,0,"2007/11/01","South 40",30.4,NA,"Y:\Collections\Natural Resources Management\Burn\Burn History\Burn Report.South Forty.pdf","A-124"
424,59,21,NA,"South 40",40.7249,NA,NA,"A-124"
424,416,468,"2015/04/01","South 40",34.1,NA,NA,"A-124"
424,266,0,NA,NA,40.6,NA,"W:\Collections\Maintenance\Burn\Burn History\Burn Plan.South Forty.pdf","A-124"
424,258,0,NA,NA,40.44,"2013 unsure on date",NA,"A-124"
424,97,0,"2006/11/27","South 40",40.5636,NA,"Y:\Collections\Natural Resources Management\Burn\Burn History\Burn Plan.South Forty.pdf","A-124"
424,108,0,"2007/11/01","South 40",30.3679,NA,"Y:\Collections\Natural Resources Management\Burn\Burn History\Burn Report.South Forty.pdf","A-124"
424,225,0,NA,NA,36.9805,NA,NA,"A-124"
425,88,0,NA,"South 40",40.4405,NA,NA,"A-121"
425,59,21,NA,"South 40",40.7249,NA,NA,"A-121"
425,23,0,"2012/11/29","South 40",40,NA,"Y:\Collections\Natural Resources Management\Burn\Burn History\11-29-2012.pdf","A-121"
425,266,0,NA,NA,40.6,NA,"W:\Collections\Maintenance\Burn\Burn History\Burn Plan.South Forty.pdf","A-121"
425,95,0,NA,"South 40",40.4864,NA,NA,"A-121"
425,258,0,NA,NA,40.44,"2013 unsure on date",NA,"A-121"
425,223,0,NA,NA,19.128,NA,NA,"A-121"
425,268,0,"2007/11/01","South 40",30.4,NA,"Y:\Collections\Natural Resources Management\Burn\Burn History\Burn Report.South Forty.pdf","A-121"
425,264,0,NA,NA,40.49,NA,NA,"A-121"
425,108,0,"2007/11/01","South 40",30.3679,NA,"Y:\Collections\Natural Resources Management\Burn\Burn History\Burn Report.South Forty.pdf","A-121"
425,287,0,NA,NA,0,NA,NA,"A-121"
425,97,0,"2006/11/27","South 40",40.5636,NA,"Y:\Collections\Natural Resources Management\Burn\Burn History\Burn Plan.South Forty.pdf","A-121"
425,416,468,"2015/04/01","South 40",34.1,NA,NA,"A-121"
425,225,0,NA,NA,36.9805,NA,NA,"A-121"
426,416,468,"2015/04/01","South 40",34.1,NA,NA,"A-116"
426,23,0,"2012/11/29","South 40",40,NA,"Y:\Collections\Natural Resources Management\Burn\Burn History\11-29-2012.pdf","A-116"
427,NA,NA,NA,NA,NA,NA,NA,"AZ-138"
428,NA,NA,NA,NA,NA,NA,NA,"AZ-133"
429,NA,NA,NA,NA,NA,NA,NA,"HE-136"
430,NA,NA,NA,NA,NA,NA,NA,"HD-147"
431,NA,NA,NA,NA,NA,NA,NA,"HD-146"
432,NA,NA,NA,NA,NA,NA,NA,"HD-143"
433,NA,NA,NA,NA,NA,NA,NA,"HD-142"
434,NA,NA,NA,NA,NA,NA,NA,"HD-135"
435,NA,NA,NA,NA,NA,NA,NA,"HD-134"
436,NA,NA,NA,NA,NA,NA,NA,"HC-144"
437,NA,NA,NA,NA,NA,NA,NA,"HC-142"
438,NA,NA,NA,NA,NA,NA,NA,"HC-135"
439,NA,NA,NA,NA,NA,NA,NA,"HC-130"
440,NA,NA,NA,NA,NA,NA,NA,"HC-126"
441,NA,NA,NA,NA,NA,NA,NA,"HB-146"
442,NA,NA,NA,NA,NA,NA,NA,"HB-143"
443,NA,NA,NA,NA,NA,NA,NA,"HB-141"
444,NA,NA,NA,NA,NA,NA,NA,"HB-138"
445,NA,NA,NA,NA,NA,NA,NA,"HB-136"
446,NA,NA,NA,NA,NA,NA,NA,"HB-131"
447,NA,NA,NA,NA,NA,NA,NA,"HB-129"
448,NA,NA,NA,NA,NA,NA,NA,"HB-126"
449,NA,NA,NA,NA,NA,NA,NA,"HB-125"
450,NA,NA,NA,NA,NA,NA,NA,"HA-147"
451,NA,NA,NA,NA,NA,NA,NA,"HA-132"
452,NA,NA,NA,NA,NA,NA,NA,"HA-127"
453,NA,NA,NA,NA,NA,NA,NA,"HA-124"
454,23,0,"2012/11/29","South 40",40,NA,"Y:\Collections\Natural Resources Management\Burn\Burn History\11-29-2012.pdf","C-105"
454,416,468,"2015/04/01","South 40",34.1,NA,NA,"C-105"
454,225,0,NA,NA,36.9805,NA,NA,"C-105"
454,287,0,NA,NA,0,NA,NA,"C-105"
454,222,0,"2009/11/06","South 40",28.2284,NA,NA,"C-105"
455,416,468,"2015/04/01","South 40",34.1,NA,NA,"A-107"
455,23,0,"2012/11/29","South 40",40,NA,"Y:\Collections\Natural Resources Management\Burn\Burn History\11-29-2012.pdf","A-107"
455,222,0,"2009/11/06","South 40",28.2284,NA,NA,"A-107"
455,287,0,NA,NA,0,NA,NA,"A-107"
455,225,0,NA,NA,36.9805,NA,NA,"A-107"
456,23,0,"2012/11/29","South 40",40,NA,"Y:\Collections\Natural Resources Management\Burn\Burn History\11-29-2012.pdf","B-109"
456,225,0,NA,NA,36.9805,NA,NA,"B-109"
456,287,0,NA,NA,0,NA,NA,"B-109"
456,222,0,"2009/11/06","South 40",28.2284,NA,NA,"B-109"
456,416,468,"2015/04/01","South 40",34.1,NA,NA,"B-109"
457,225,0,NA,NA,36.9805,NA,NA,"C-111"
457,416,468,"2015/04/01","South 40",34.1,NA,NA,"C-111"
457,23,0,"2012/11/29","South 40",40,NA,"Y:\Collections\Natural Resources Management\Burn\Burn History\11-29-2012.pdf","C-111"
457,287,0,NA,NA,0,NA,NA,"C-111"
457,222,0,"2009/11/06","South 40",28.2284,NA,NA,"C-111"
458,225,0,NA,NA,36.9805,NA,NA,"D-113"
458,287,0,NA,NA,0,NA,NA,"D-113"
458,416,468,"2015/04/01","South 40",34.1,NA,NA,"D-113"
458,23,0,"2012/11/29","South 40",40,NA,"Y:\Collections\Natural Resources Management\Burn\Burn History\11-29-2012.pdf","D-113"
459,416,468,"2015/04/01","South 40",34.1,NA,NA,"B-115"
459,23,0,"2012/11/29","South 40",40,NA,"Y:\Collections\Natural Resources Management\Burn\Burn History\11-29-2012.pdf","B-115"
459,225,0,NA,NA,36.9805,NA,NA,"B-115"
459,287,0,NA,NA,0,NA,NA,"B-115"
460,227,0,"2009/11/06","Central Woods",28.8043,NA,NA,"V-95"
460,315,0,NA,NA,26.6,NA,NA,"V-95"
460,9,0,"2012/11/28","Woodland E. of Bur Reed",9.5,NA,"Y:\Collections\Natural Resources Management\Burn\Burn History\11-28-2012.pdf","V-95"
460,150,0,NA,NA,26.5976,NA,NA,"V-95"
461,NA,NA,NA,NA,NA,NA,NA,"T-77"
462,96,0,"2006/11/21","Big Rock Meadow",59.533,NA,"Y:\Collections\Natural Resources Management\Burn\Burn History\Burn Plan.Big Rock Meadow.Heritage Trail.pdf","SS-106"
462,126,0,NA,NA,29.2991,NA,NA,"SS-106"
462,291,0,NA,NA,29.3,NA,NA,"SS-106"
462,415,467,"2015/03/31","Big Rock Meadow",28.5,NA,NA,"SS-106"
462,56,18,"2013/04/03","Big Rock Meadow",29.2487,NA,NA,"SS-106"
462,213,0,"2009/11/10","Big Rock Meadow",17.6315,NA,NA,"SS-106"
463,213,0,"2009/11/10","Big Rock Meadow",17.6315,NA,NA,"SS-102"
463,415,467,"2015/03/31","Big Rock Meadow",28.5,NA,NA,"SS-102"
463,96,0,"2006/11/21","Big Rock Meadow",59.533,NA,"Y:\Collections\Natural Resources Management\Burn\Burn History\Burn Plan.Big Rock Meadow.Heritage Trail.pdf","SS-102"
463,126,0,NA,NA,29.2991,NA,NA,"SS-102"
463,291,0,NA,NA,29.3,NA,NA,"SS-102"
463,56,18,"2013/04/03","Big Rock Meadow",29.2487,NA,NA,"SS-102"
464,126,0,NA,NA,29.2991,NA,NA,"RR-99"
464,213,0,"2009/11/10","Big Rock Meadow",17.6315,NA,NA,"RR-99"
464,291,0,NA,NA,29.3,NA,NA,"RR-99"
464,415,467,"2015/03/31","Big Rock Meadow",28.5,NA,NA,"RR-99"
464,56,18,"2013/04/03","Big Rock Meadow",29.2487,NA,NA,"RR-99"
464,96,0,"2006/11/21","Big Rock Meadow",59.533,NA,"Y:\Collections\Natural Resources Management\Burn\Burn History\Burn Plan.Big Rock Meadow.Heritage Trail.pdf","RR-99"
465,288,0,NA,NA,0,NA,NA,"NN-110"
465,96,0,"2006/11/21","Big Rock Meadow",59.533,NA,"Y:\Collections\Natural Resources Management\Burn\Burn History\Burn Plan.Big Rock Meadow.Heritage Trail.pdf","NN-110"
465,213,0,"2009/11/10","Big Rock Meadow",17.6315,NA,NA,"NN-110"
465,216,0,"2013/04/03","Heritage Woodland",14.2987,NA,NA,"NN-110"
466,443,0,"2017/11/29","Far East Woods",0,NA,NA,"OO-116"
467,5,0,"2012/11/01","Big Rock Trail",8.3,NA,"Y:\Collections\Natural Resources Management\Burn\Burn History\11-1-2012.pdf","NN-114"
468,96,0,"2006/11/21","Big Rock Meadow",59.533,NA,"Y:\Collections\Natural Resources Management\Burn\Burn History\Burn Plan.Big Rock Meadow.Heritage Trail.pdf","LL-110"
468,57,19,NA,"Hawthorn Meadow",23.2962,NA,NA,"LL-110"
468,86,0,"2016/03/29","N. Crataegus & Heritage Woodland",31.1258,NA,NA,"LL-110"
468,288,0,NA,NA,0,NA,NA,"LL-110"
468,256,0,NA,"Hawthorn Meadow",23.29,"every 1-2 years from 1996-2003",NA,"LL-110"
468,216,0,"2013/04/03","Heritage Woodland",14.2987,NA,NA,"LL-110"
469,22,0,"2012/10/29","Big Rock Trail",7.4,NA,"Y:\Collections\Natural Resources Management\Burn\Burn History\10-29-2012.pdf","KK-116"
470,443,0,"2017/11/29","Far East Woods",0,NA,NA,"KK-119"
471,217,0,NA,NA,11.7694,NA,NA,"JJ-105"
471,86,0,"2016/03/29","N. Crataegus & Heritage Woodland",31.1258,NA,NA,"JJ-105"
471,96,0,"2006/11/21","Big Rock Meadow",59.533,NA,"Y:\Collections\Natural Resources Management\Burn\Burn History\Burn Plan.Big Rock Meadow.Heritage Trail.pdf","JJ-105"
471,256,0,NA,"Hawthorn Meadow",23.29,"every 1-2 years from 1996-2003",NA,"JJ-105"
471,289,0,NA,NA,0,NA,NA,"JJ-105"
471,57,19,NA,"Hawthorn Meadow",23.2962,NA,NA,"JJ-105"
472,86,0,"2016/03/29","N. Crataegus & Heritage Woodland",31.1258,NA,NA,"LL-102"
472,216,0,"2013/04/03","Heritage Woodland",14.2987,NA,NA,"LL-102"
472,256,0,NA,"Hawthorn Meadow",23.29,"every 1-2 years from 1996-2003",NA,"LL-102"
472,96,0,"2006/11/21","Big Rock Meadow",59.533,NA,"Y:\Collections\Natural Resources Management\Burn\Burn History\Burn Plan.Big Rock Meadow.Heritage Trail.pdf","LL-102"
472,288,0,NA,NA,0,NA,NA,"LL-102"
472,57,19,NA,"Hawthorn Meadow",23.2962,NA,NA,"LL-102"
473,288,0,NA,NA,0,NA,NA,"LL-103"
473,86,0,"2016/03/29","N. Crataegus & Heritage Woodland",31.1258,NA,NA,"LL-103"
473,216,0,"2013/04/03","Heritage Woodland",14.2987,NA,NA,"LL-103"
473,256,0,NA,"Hawthorn Meadow",23.29,"every 1-2 years from 1996-2003",NA,"LL-103"
473,57,19,NA,"Hawthorn Meadow",23.2962,NA,NA,"LL-103"
473,96,0,"2006/11/21","Big Rock Meadow",59.533,NA,"Y:\Collections\Natural Resources Management\Burn\Burn History\Burn Plan.Big Rock Meadow.Heritage Trail.pdf","LL-103"
474,86,0,"2016/03/29","N. Crataegus & Heritage Woodland",31.1258,NA,NA,"HH-106"
474,289,0,NA,NA,0,NA,NA,"HH-106"
474,217,0,NA,NA,11.7694,NA,NA,"HH-106"
474,57,19,NA,"Hawthorn Meadow",23.2962,NA,NA,"HH-106"
474,256,0,NA,"Hawthorn Meadow",23.29,"every 1-2 years from 1996-2003",NA,"HH-106"
474,96,0,"2006/11/21","Big Rock Meadow",59.533,NA,"Y:\Collections\Natural Resources Management\Burn\Burn History\Burn Plan.Big Rock Meadow.Heritage Trail.pdf","HH-106"
475,22,0,"2012/10/29","Big Rock Trail",7.4,NA,"Y:\Collections\Natural Resources Management\Burn\Burn History\10-29-2012.pdf","GG-113"
476,96,0,"2006/11/21","Big Rock Meadow",59.533,NA,"Y:\Collections\Natural Resources Management\Burn\Burn History\Burn Plan.Big Rock Meadow.Heritage Trail.pdf","CC-110"
476,256,0,NA,"Hawthorn Meadow",23.29,"every 1-2 years from 1996-2003",NA,"CC-110"
476,57,19,NA,"Hawthorn Meadow",23.2962,NA,NA,"CC-110"
476,217,0,NA,NA,11.7694,NA,NA,"CC-110"
476,86,0,"2016/03/29","N. Crataegus & Heritage Woodland",31.1258,NA,NA,"CC-110"
476,289,0,NA,NA,0,NA,NA,"CC-110"
477,22,0,"2012/10/29","Big Rock Trail",7.4,NA,"Y:\Collections\Natural Resources Management\Burn\Burn History\10-29-2012.pdf","EE-111"
478,443,0,"2017/11/29","Far East Woods",0,NA,NA,"BB-115"
479,152,0,NA,NA,4.06733,NA,NA,"DD-103"
479,39,0,"2012/03/16","Hawthorn Meadow",7.6,NA,NA,"DD-103"
479,392,444,"2015/03/17","Crataegus North",6.11,NA,NA,"DD-103"
479,317,0,NA,NA,4.1,NA,NA,"DD-103"
479,215,0,"2013/03/28","Crataegus North",6.45626,NA,NA,"DD-103"
479,256,0,NA,"Hawthorn Meadow",23.29,"every 1-2 years from 1996-2003",NA,"DD-103"
479,86,0,"2016/03/29","N. Crataegus & Heritage Woodland",31.1258,NA,NA,"DD-103"
480,87,0,"2013/04/05","East Woods",14.2106,NA,NA,"Y-121"
480,257,0,NA,"East Woods",14.21,NA,NA,"Y-121"
480,443,0,"2017/11/29","Far East Woods",0,NA,NA,"Y-121"
481,87,0,"2013/04/05","East Woods",14.2106,NA,NA,"V-121"
481,257,0,NA,"East Woods",14.21,NA,NA,"V-121"
481,221,0,"2009/11/11","P11 thru P12",4.65665,NA,NA,"V-121"
482,NA,NA,NA,NA,NA,NA,NA,"O-112"
483,259,0,NA,NA,5.91,NA,NA,"K-109"
483,89,0,NA,NA,5.9082,NA,NA,"K-109"
484,225,0,NA,NA,36.9805,NA,NA,"F-119"
484,59,21,NA,"South 40",40.7249,NA,NA,"F-119"
484,258,0,NA,NA,40.44,"2013 unsure on date",NA,"F-119"
484,88,0,NA,"South 40",40.4405,NA,NA,"F-119"
484,416,468,"2015/04/01","South 40",34.1,NA,NA,"F-119"
484,95,0,NA,"South 40",40.4864,NA,NA,"F-119"
484,287,0,NA,NA,0,NA,NA,"F-119"
484,23,0,"2012/11/29","South 40",40,NA,"Y:\Collections\Natural Resources Management\Burn\Burn History\11-29-2012.pdf","F-119"
484,223,0,NA,NA,19.128,NA,NA,"F-119"
484,264,0,NA,NA,40.49,NA,NA,"F-119"
484,266,0,NA,NA,40.6,NA,"W:\Collections\Maintenance\Burn\Burn History\Burn Plan.South Forty.pdf","F-119"
484,97,0,"2006/11/27","South 40",40.5636,NA,"Y:\Collections\Natural Resources Management\Burn\Burn History\Burn Plan.South Forty.pdf","F-119"
485,416,468,"2015/04/01","South 40",34.1,NA,NA,"F-112"
485,59,21,NA,"South 40",40.7249,NA,NA,"F-112"
485,225,0,NA,NA,36.9805,NA,NA,"F-112"
485,258,0,NA,NA,40.44,"2013 unsure on date",NA,"F-112"
485,97,0,"2006/11/27","South 40",40.5636,NA,"Y:\Collections\Natural Resources Management\Burn\Burn History\Burn Plan.South Forty.pdf","F-112"
485,95,0,NA,"South 40",40.4864,NA,NA,"F-112"
485,222,0,"2009/11/06","South 40",28.2284,NA,NA,"F-112"
485,287,0,NA,NA,0,NA,NA,"F-112"
485,88,0,NA,"South 40",40.4405,NA,NA,"F-112"
485,23,0,"2012/11/29","South 40",40,NA,"Y:\Collections\Natural Resources Management\Burn\Burn History\11-29-2012.pdf","F-112"
485,266,0,NA,NA,40.6,NA,"W:\Collections\Maintenance\Burn\Burn History\Burn Plan.South Forty.pdf","F-112"
485,264,0,NA,NA,40.49,NA,NA,"F-112"
486,259,0,NA,NA,5.91,NA,NA,"I-109"
486,89,0,NA,NA,5.9082,NA,NA,"I-109"
487,59,21,NA,"South 40",40.7249,NA,NA,"D-125"
487,225,0,NA,NA,36.9805,NA,NA,"D-125"
487,416,468,"2015/04/01","South 40",34.1,NA,NA,"D-125"
487,258,0,NA,NA,40.44,"2013 unsure on date",NA,"D-125"
487,88,0,NA,"South 40",40.4405,NA,NA,"D-125"
487,95,0,NA,"South 40",40.4864,NA,NA,"D-125"
487,266,0,NA,NA,40.6,NA,"W:\Collections\Maintenance\Burn\Burn History\Burn Plan.South Forty.pdf","D-125"
487,97,0,"2006/11/27","South 40",40.5636,NA,"Y:\Collections\Natural Resources Management\Burn\Burn History\Burn Plan.South Forty.pdf","D-125"
487,108,0,"2007/11/01","South 40",30.3679,NA,"Y:\Collections\Natural Resources Management\Burn\Burn History\Burn Report.South Forty.pdf","D-125"
487,268,0,"2007/11/01","South 40",30.4,NA,"Y:\Collections\Natural Resources Management\Burn\Burn History\Burn Report.South Forty.pdf","D-125"
487,223,0,NA,NA,19.128,NA,NA,"D-125"
487,23,0,"2012/11/29","South 40",40,NA,"Y:\Collections\Natural Resources Management\Burn\Burn History\11-29-2012.pdf","D-125"
487,264,0,NA,NA,40.49,NA,NA,"D-125"
487,287,0,NA,NA,0,NA,NA,"D-125"
488,225,0,NA,NA,36.9805,NA,NA,"C-127"
488,95,0,NA,"South 40",40.4864,NA,NA,"C-127"
488,223,0,NA,NA,19.128,NA,NA,"C-127"
488,258,0,NA,NA,40.44,"2013 unsure on date",NA,"C-127"
488,59,21,NA,"South 40",40.7249,NA,NA,"C-127"
488,287,0,NA,NA,0,NA,NA,"C-127"
488,266,0,NA,NA,40.6,NA,"W:\Collections\Maintenance\Burn\Burn History\Burn Plan.South Forty.pdf","C-127"
488,416,468,"2015/04/01","South 40",34.1,NA,NA,"C-127"
488,268,0,"2007/11/01","South 40",30.4,NA,"Y:\Collections\Natural Resources Management\Burn\Burn History\Burn Report.South Forty.pdf","C-127"
488,108,0,"2007/11/01","South 40",30.3679,NA,"Y:\Collections\Natural Resources Management\Burn\Burn History\Burn Report.South Forty.pdf","C-127"
488,88,0,NA,"South 40",40.4405,NA,NA,"C-127"
488,23,0,"2012/11/29","South 40",40,NA,"Y:\Collections\Natural Resources Management\Burn\Burn History\11-29-2012.pdf","C-127"
488,264,0,NA,NA,40.49,NA,NA,"C-127"
488,97,0,"2006/11/27","South 40",40.5636,NA,"Y:\Collections\Natural Resources Management\Burn\Burn History\Burn Plan.South Forty.pdf","C-127"
489,286,0,NA,NA,0,NA,NA,"G-109"
489,21,0,"2012/11/14","South 40",14.6,NA,"Y:\Collections\Natural Resources Management\Burn\Burn History\11-14-2012.pdf","G-109"
489,95,0,NA,"South 40",40.4864,NA,NA,"G-109"
489,108,0,"2007/11/01","South 40",30.3679,NA,"Y:\Collections\Natural Resources Management\Burn\Burn History\Burn Report.South Forty.pdf","G-109"
489,268,0,"2007/11/01","South 40",30.4,NA,"Y:\Collections\Natural Resources Management\Burn\Burn History\Burn Report.South Forty.pdf","G-109"
489,224,0,NA,NA,18.554,NA,NA,"G-109"
489,258,0,NA,NA,40.44,"2013 unsure on date",NA,"G-109"
489,88,0,NA,"South 40",40.4405,NA,NA,"G-109"
489,97,0,"2006/11/27","South 40",40.5636,NA,"Y:\Collections\Natural Resources Management\Burn\Burn History\Burn Plan.South Forty.pdf","G-109"
489,264,0,NA,NA,40.49,NA,NA,"G-109"
489,59,21,NA,"South 40",40.7249,NA,NA,"G-109"
489,385,437,"2014/11/10","South 40",17.9,NA,"T:\Natural resources\Burns\2014 Fall Burns\11-10-2014\South 40\South 40 Burn Report.pdf","G-109"
489,222,0,"2009/11/06","South 40",28.2284,NA,NA,"G-109"
489,266,0,NA,NA,40.6,NA,"W:\Collections\Maintenance\Burn\Burn History\Burn Plan.South Forty.pdf","G-109"
490,22,0,"2012/10/29","Big Rock Trail",7.4,NA,"Y:\Collections\Natural Resources Management\Burn\Burn History\10-29-2012.pdf","HH-112"
491,58,20,NA,"Etter Marsh",3.07763,NA,NA,"AY-117"
492,60,22,NA,"Burr Reed Marsh",2.59436,NA,NA,"S-92"
492,418,470,"2015/04/06","Bur Reed Marsh",2.8,NA,NA,"S-92"
492,260,0,NA,NA,6.94,NA,NA,"S-92"
492,20,0,"2012/11/15","Bur Reed Marsh",1.6,NA,"Y:\Collections\Natural Resources Management\Burn\Burn History\11-15-2012.pdf","S-92"
492,90,0,NA,NA,6.9406,NA,NA,"S-92"
492,98,0,"2006/11/22","Bur Reed",10.6246,NA,"Y:\Collections\Natural Resources Management\Burn\Burn History\Burn Plan.Bur Reed Marsh.pdf","S-92"
492,267,0,NA,NA,10.6,NA,"W:\Collections\Maintenance\Burn\Burn History\Burn Plan.Bur Reed Marsh.pdf","S-92"
493,NA,NA,NA,NA,NA,NA,NA,"Y-141"
494,NA,NA,NA,NA,NA,NA,NA,"AA-141"
495,NA,NA,NA,NA,NA,NA,NA,"AY-130"
496,NA,NA,NA,NA,NA,NA,NA,"N-142"
497,429,0,"2017/11/30","Triangle",17,NA,NA,"PP-96"
497,55,17,NA,"Triangle",17.3735,NA,NA,"PP-96"
498,10,0,"2012/11/28","Woodland N. of Bur Reed",21.7,NA,"Y:\Collections\Natural Resources Management\Burn\Burn History\11-28-2012.pdf","Z-86"
498,227,0,"2009/11/06","Central Woods",28.8043,NA,NA,"Z-86"
498,315,0,NA,NA,26.6,NA,NA,"Z-86"
498,150,0,NA,NA,26.5976,NA,NA,"Z-86"
499,257,0,NA,"East Woods",14.21,NA,NA,"W-128"
499,87,0,"2013/04/05","East Woods",14.2106,NA,NA,"W-128"
500,120,0,"2009/11/19","Big Rock Visitor Station",0.67728,NA,"Y:\Collections\Natural Resources Management\Burn\Burn History\Big Rock Visitor Station.2008.pdf","Y-115"
500,24,0,"2011/11/15","Big Rock Visitor Station",0.67,NA,"Y:\Collections\Natural Resources Management\Burn\Burn History\2011_Big_Rock_VS_Burn_Report.pdf","Y-115"
500,280,0,"2009/11/19","Big Rock Visitor Station",0,NA,"Y:\Collections\Natural Resources Management\Burn\Burn History\Big Rock Visitor Station.2008.pdf","Y-115"
500,218,0,"2009/11/10","Big Rock Visitor Station",0.78334,NA,NA,"Y-115"
500,384,436,"2014/11/10","Big Rock Visitor Station",0,NA,"T:\Natural resources\Burns\2014 Fall Burns\11-10-2014\Big Rock Visitor Station\Big Rock Visitor Station Burn Report.pdf","Y-115"
