"point.ID","poly.ID","OBJECTID","Shape_Leng","Shape_Area","Drainage","Name","texture","consistenc","Permeabili","wtrhldgcap","watertbl","orgmatter","rootdevdep","PlotID"
1,69,69,2482.32096255,278408.561874,"poorly drained","23 Blount","silt loam","friable","moderate to very rapid","moderate","1-3' depth during wet season","moderately low","37 inches","X-78"
2,69,69,2482.32096255,278408.561874,"poorly drained","23 Blount","silt loam","friable","moderate to very rapid","moderate","1-3' depth during wet season","moderately low","37 inches","X-76"
3,43,43,3989.64234206,282552.201935,"well-drained","194 Ozaukee","silt loam","friable","moderate to very rapid","moderate","perched water table in spring","moderately low","34 inches","W-72"
4,43,43,3989.64234206,282552.201935,"well-drained","194 Ozaukee","silt loam","friable","moderate to very rapid","moderate","perched water table in spring","moderately low","34 inches","W-71"
5,44,44,3453.15401034,385566.0985,"moderately well-drained","531 Markham","silt loam","friable","moderately slow to slow","moderate","perched water table in spring","moderate","34 inches","V-76"
6,47,47,3307.40890991,117790.439092,"moderately well-drained","531 Markham","silt loam","friable","moderately slow to slow","moderate","perched water table in spring","moderate","34 inches","V-73"
7,84,84,1706.05096208,112044.679317,"very poorly drained","330 Peotone","silty clay loam","sticky","moderately slow to slow","high","<1' depth during wet season","high","not described","U-95"
8,44,44,3453.15401034,385566.0985,"moderately well-drained","531 Markham","silt loam","friable","moderately slow to slow","moderate","perched water table in spring","moderate","34 inches","U-74"
9,44,44,3453.15401034,385566.0985,"moderately well-drained","531 Markham","silt loam","friable","moderately slow to slow","moderate","perched water table in spring","moderate","34 inches","T-75"
10,44,44,3453.15401034,385566.0985,"moderately well-drained","531 Markham","silt loam","friable","moderately slow to slow","moderate","perched water table in spring","moderate","34 inches","T-74"
11,44,44,3453.15401034,385566.0985,"moderately well-drained","531 Markham","silt loam","friable","moderately slow to slow","moderate","perched water table in spring","moderate","34 inches","S-75"
12,44,44,3453.15401034,385566.0985,"moderately well-drained","531 Markham","silt loam","friable","moderately slow to slow","moderate","perched water table in spring","moderate","34 inches","S-72"
13,41,41,6054.01708719,632251.153297,"poorly drained","298 Beecher","silt loam","friable","slow","moderate","not described","moderate","34 inches","S-70"
14,41,41,6054.01708719,632251.153297,"poorly drained","298 Beecher","silt loam","friable","slow","moderate","not described","moderate","34 inches","T-70"
15,41,41,6054.01708719,632251.153297,"poorly drained","298 Beecher","silt loam","friable","slow","moderate","not described","moderate","34 inches","U-70"
16,75,75,3593.8359938,798113.50803,"moderately well-drained","195 Glynwood","silt loam","friable","moderate to very rapid","not described","perched water table in spring","not described","not described","R-83"
17,78,78,992.048916559,55265.7056288,"very poorly drained","1330 Peotone, wet","silty clay loam","sticky","moderately slow","high","not described","high","not described","R-79"
18,44,44,3453.15401034,385566.0985,"moderately well-drained","531 Markham","silt loam","friable","moderately slow to slow","moderate","perched water table in spring","moderate","34 inches","R-75"
19,83,83,7199.40852259,462711.427945,"poorly drained","146 Elliott","silt loam","friable","moderate to very rapid","moderate to high","1-3' depth during wet season","high","37 inches","Q-96"
20,84,84,1706.05096208,112044.679317,"very poorly drained","330 Peotone","silty clay loam","sticky","moderately slow to slow","high","<1' depth during wet season","high","not described","P-95"
21,59,59,4353.51132911,766097.046924,"well-drained","194 Ozaukee","silt loam","friable","moderate to very rapid","moderate","perched water table in spring","moderately low","34 inches","GG-103"
22,59,59,4353.51132911,766097.046924,"well-drained","194 Ozaukee","silt loam","friable","moderate to very rapid","moderate","perched water table in spring","moderately low","34 inches","CC-106"
23,87,87,1812.27379039,102719.774026,"poorly drained","298 Beecher","silt loam","friable","slow","moderate","not described","moderate","34 inches","BB-106"
24,190,190,10294.2365702,956366.793907,"poorly drained","232 Ashkum","silty clay loam","sticky","moderate to very rapid","high",">1' depth during wet season","high","37 inches","AA-114"
25,83,83,7199.40852259,462711.427945,"poorly drained","146 Elliott","silt loam","friable","moderate to very rapid","moderate to high","1-3' depth during wet season","high","37 inches","Y-94"
26,83,83,7199.40852259,462711.427945,"poorly drained","146 Elliott","silt loam","friable","moderate to very rapid","moderate to high","1-3' depth during wet season","high","37 inches","W-95"
27,172,172,4900.14043464,770265.427855,"poorly drained","23 Blount","silt loam","friable","moderate to very rapid","moderate","1-3' depth during wet season","moderately low","37 inches","N-128"
28,172,172,4900.14043464,770265.427855,"poorly drained","23 Blount","silt loam","friable","moderate to very rapid","moderate","1-3' depth during wet season","moderately low","37 inches","M-126"
29,172,172,4900.14043464,770265.427855,"poorly drained","23 Blount","silt loam","friable","moderate to very rapid","moderate","1-3' depth during wet season","moderately low","37 inches","L-126"
30,172,172,4900.14043464,770265.427855,"poorly drained","23 Blount","silt loam","friable","moderate to very rapid","moderate","1-3' depth during wet season","moderately low","37 inches","H-127"
31,173,173,5492.82383245,576336.274567,"poorly drained","298 Beecher","silt loam","friable","slow","moderate","not described","moderate","34 inches","AY-127"
32,173,173,5492.82383245,576336.274567,"poorly drained","298 Beecher","silt loam","friable","slow","moderate","not described","moderate","34 inches","AY-124"
33,173,173,5492.82383245,576336.274567,"poorly drained","298 Beecher","silt loam","friable","slow","moderate","not described","moderate","34 inches","AY-122"
34,182,182,2154.29116797,191537.661318,"very poorly drained","1330 Peotone, wet","silty clay loam","sticky","moderately slow","high","not described","high","not described","AX-132"
35,182,182,2154.29116797,191537.661318,"very poorly drained","1330 Peotone, wet","silty clay loam","sticky","moderately slow","high","not described","high","not described","AX-131"
36,161,161,2730.77825253,380485.49086,"well-drained","327 Fox","silt loam","friable","moderate to very rapid","moderate","not described","moderately low","36 inches","N-144"
37,NA,NA,NA,NA,NA,NA,NA,NA,NA,NA,NA,NA,NA,"ZZ-142"
38,NA,NA,NA,NA,NA,NA,NA,NA,NA,NA,NA,NA,NA,"ZZ-134"
39,NA,NA,NA,NA,NA,NA,NA,NA,NA,NA,NA,NA,NA,"ZZ-132"
40,NA,NA,NA,NA,NA,NA,NA,NA,NA,NA,NA,NA,NA,"ZZ-130"
41,NA,NA,NA,NA,NA,NA,NA,NA,NA,NA,NA,NA,NA,"YY-146"
42,NA,NA,NA,NA,NA,NA,NA,NA,NA,NA,NA,NA,NA,"YY-140"
43,NA,NA,NA,NA,NA,NA,NA,NA,NA,NA,NA,NA,NA,"YY-137"
44,NA,NA,NA,NA,NA,NA,NA,NA,NA,NA,NA,NA,NA,"YY-132"
45,NA,NA,NA,NA,NA,NA,NA,NA,NA,NA,NA,NA,NA,"YY-123"
46,NA,NA,NA,NA,NA,NA,NA,NA,NA,NA,NA,NA,NA,"YY-122"
47,NA,NA,NA,NA,NA,NA,NA,NA,NA,NA,NA,NA,NA,"XX-147"
48,NA,NA,NA,NA,NA,NA,NA,NA,NA,NA,NA,NA,NA,"YY-119"
49,NA,NA,NA,NA,NA,NA,NA,NA,NA,NA,NA,NA,NA,"XX-142"
50,NA,NA,NA,NA,NA,NA,NA,NA,NA,NA,NA,NA,NA,"XX-134"
51,NA,NA,NA,NA,NA,NA,NA,NA,NA,NA,NA,NA,NA,"XX-129"
52,NA,NA,NA,NA,NA,NA,NA,NA,NA,NA,NA,NA,NA,"XX-125"
53,NA,NA,NA,NA,NA,NA,NA,NA,NA,NA,NA,NA,NA,"XX-121"
54,NA,NA,NA,NA,NA,NA,NA,NA,NA,NA,NA,NA,NA,"WW-146"
55,NA,NA,NA,NA,NA,NA,NA,NA,NA,NA,NA,NA,NA,"WW-140"
56,NA,NA,NA,NA,NA,NA,NA,NA,NA,NA,NA,NA,NA,"WW-137"
57,64,64,7506.69786162,1366595.78359,"well-drained","194 Ozaukee","silt loam","friable","moderate to very rapid","moderate","perched water table in spring","moderately low","34 inches","XX-104"
58,NA,NA,NA,NA,NA,NA,NA,NA,NA,NA,NA,NA,NA,"WW-130"
59,NA,NA,NA,NA,NA,NA,NA,NA,NA,NA,NA,NA,NA,"WW-124"
60,NA,NA,NA,NA,NA,NA,NA,NA,NA,NA,NA,NA,NA,"WW-119"
61,61,61,2406.59101717,175122.698093,"excellently drained","290 Warsaw","silt loam","friable","moderate to very rapid","moderate","not described","moderate","31 inches","WW-106"
62,NA,NA,NA,NA,NA,NA,NA,NA,NA,NA,NA,NA,NA,"VV-133"
63,54,54,11859.3522315,1588701.6106,"well-drained","194 Ozaukee","silt loam","friable","moderate to very rapid","moderate","perched water table in spring","moderately low","34 inches","WW-102"
64,NA,NA,NA,NA,NA,NA,NA,NA,NA,NA,NA,NA,NA,"VV-122"
65,61,61,2406.59101717,175122.698093,"excellently drained","290 Warsaw","silt loam","friable","moderate to very rapid","moderate","not described","moderate","31 inches","VV-109"
66,NA,NA,NA,NA,NA,NA,NA,NA,NA,NA,NA,NA,NA,"UU-132"
67,NA,NA,NA,NA,NA,NA,NA,NA,NA,NA,NA,NA,NA,"UU-130"
68,NA,NA,NA,NA,NA,NA,NA,NA,NA,NA,NA,NA,NA,"UU-129"
69,NA,NA,NA,NA,NA,NA,NA,NA,NA,NA,NA,NA,NA,"UU-125"
70,NA,NA,NA,NA,NA,NA,NA,NA,NA,NA,NA,NA,NA,"UU-121"
71,NA,NA,NA,NA,NA,NA,NA,NA,NA,NA,NA,NA,NA,"TT-145"
72,184,184,12848.693755,2568466.49823,"poorly drained","107 Sawmill","silty clay loam","sticky","moderate to very rapid","high","<1' depth during wet season","high","not described","UU-117"
73,NA,NA,NA,NA,NA,NA,NA,NA,NA,NA,NA,NA,NA,"TT-143"
74,NA,NA,NA,NA,NA,NA,NA,NA,NA,NA,NA,NA,NA,"TT-140"
75,NA,NA,NA,NA,NA,NA,NA,NA,NA,NA,NA,NA,NA,"TT-137"
76,NA,NA,NA,NA,NA,NA,NA,NA,NA,NA,NA,NA,NA,"TT-133"
77,NA,NA,NA,NA,NA,NA,NA,NA,NA,NA,NA,NA,NA,"TT-132"
78,NA,NA,NA,NA,NA,NA,NA,NA,NA,NA,NA,NA,NA,"TT-131"
79,NA,NA,NA,NA,NA,NA,NA,NA,NA,NA,NA,NA,NA,"TT-130"
80,NA,NA,NA,NA,NA,NA,NA,NA,NA,NA,NA,NA,NA,"TT-129"
81,54,54,11859.3522315,1588701.6106,"well-drained","194 Ozaukee","silt loam","friable","moderate to very rapid","moderate","perched water table in spring","moderately low","34 inches","UU-100"
82,NA,NA,NA,NA,NA,NA,NA,NA,NA,NA,NA,NA,NA,"TT-121"
83,184,184,12848.693755,2568466.49823,"poorly drained","107 Sawmill","silty clay loam","sticky","moderate to very rapid","high","<1' depth during wet season","high","not described","TT-119"
84,NA,NA,NA,NA,NA,NA,NA,NA,NA,NA,NA,NA,NA,"SS-142"
85,NA,NA,NA,NA,NA,NA,NA,NA,NA,NA,NA,NA,NA,"SS-141"
86,64,64,7506.69786162,1366595.78359,"well-drained","194 Ozaukee","silt loam","friable","moderate to very rapid","moderate","perched water table in spring","moderately low","34 inches","TT-110"
87,NA,NA,NA,NA,NA,NA,NA,NA,NA,NA,NA,NA,NA,"SS-136"
88,NA,NA,NA,NA,NA,NA,NA,NA,NA,NA,NA,NA,NA,"SS-130"
89,NA,NA,NA,NA,NA,NA,NA,NA,NA,NA,NA,NA,NA,"RR-142"
90,64,64,7506.69786162,1366595.78359,"well-drained","194 Ozaukee","silt loam","friable","moderate to very rapid","moderate","perched water table in spring","moderately low","34 inches","SS-113"
91,NA,NA,NA,NA,NA,NA,NA,NA,NA,NA,NA,NA,NA,"RR-139"
92,NA,NA,NA,NA,NA,NA,NA,NA,NA,NA,NA,NA,NA,"RR-138"
93,64,64,7506.69786162,1366595.78359,"well-drained","194 Ozaukee","silt loam","friable","moderate to very rapid","moderate","perched water table in spring","moderately low","34 inches","SS-109"
94,NA,NA,NA,NA,NA,NA,NA,NA,NA,NA,NA,NA,NA,"RR-134"
95,64,64,7506.69786162,1366595.78359,"well-drained","194 Ozaukee","silt loam","friable","moderate to very rapid","moderate","perched water table in spring","moderately low","34 inches","SS-105"
96,64,64,7506.69786162,1366595.78359,"well-drained","194 Ozaukee","silt loam","friable","moderate to very rapid","moderate","perched water table in spring","moderately low","34 inches","SS-104"
97,NA,NA,NA,NA,NA,NA,NA,NA,NA,NA,NA,NA,NA,"RR-131"
98,NA,NA,NA,NA,NA,NA,NA,NA,NA,NA,NA,NA,NA,"RR-129"
99,NA,NA,NA,NA,NA,NA,NA,NA,NA,NA,NA,NA,NA,"RR-128"
100,NA,NA,NA,NA,NA,NA,NA,NA,NA,NA,NA,NA,NA,"RR-127"
101,NA,NA,NA,NA,NA,NA,NA,NA,NA,NA,NA,NA,NA,"RR-126"
102,NA,NA,NA,NA,NA,NA,NA,NA,NA,NA,NA,NA,NA,"QQ-146"
103,184,184,12848.693755,2568466.49823,"poorly drained","107 Sawmill","silty clay loam","sticky","moderate to very rapid","high","<1' depth during wet season","high","not described","RR-116"
104,64,64,7506.69786162,1366595.78359,"well-drained","194 Ozaukee","silt loam","friable","moderate to very rapid","moderate","perched water table in spring","moderately low","34 inches","RR-113"
105,NA,NA,NA,NA,NA,NA,NA,NA,NA,NA,NA,NA,NA,"QQ-140"
106,NA,NA,NA,NA,NA,NA,NA,NA,NA,NA,NA,NA,NA,"QQ-139"
107,64,64,7506.69786162,1366595.78359,"well-drained","194 Ozaukee","silt loam","friable","moderate to very rapid","moderate","perched water table in spring","moderately low","34 inches","RR-107"
108,NA,NA,NA,NA,NA,NA,NA,NA,NA,NA,NA,NA,NA,"QQ-133"
109,NA,NA,NA,NA,NA,NA,NA,NA,NA,NA,NA,NA,NA,"QQ-132"
110,NA,NA,NA,NA,NA,NA,NA,NA,NA,NA,NA,NA,NA,"QQ-131"
111,54,54,11859.3522315,1588701.6106,"well-drained","194 Ozaukee","silt loam","friable","moderate to very rapid","moderate","perched water table in spring","moderately low","34 inches","RR-95"
112,184,184,12848.693755,2568466.49823,"poorly drained","107 Sawmill","silty clay loam","sticky","moderate to very rapid","high","<1' depth during wet season","high","not described","QQ-121"
112,62,62,2424.35645287,311502.544954,"poorly drained","329 Will","silty clay loam","sticky","moderate to rapid","moderate","<1' depth during wet season","high","not described","QQ-121"
113,NA,NA,NA,NA,NA,NA,NA,NA,NA,NA,NA,NA,NA,"PP-146"
114,NA,NA,NA,NA,NA,NA,NA,NA,NA,NA,NA,NA,NA,"PP-143"
115,63,63,1437.62978952,108997.613559,"poorly drained","23 Blount","silt loam","friable","moderate to very rapid","moderate","1-3' depth during wet season","moderately low","37 inches","QQ-111"
116,NA,NA,NA,NA,NA,NA,NA,NA,NA,NA,NA,NA,NA,"PP-137"
117,NA,NA,NA,NA,NA,NA,NA,NA,NA,NA,NA,NA,NA,"PP-135"
118,64,64,7506.69786162,1366595.78359,"well-drained","194 Ozaukee","silt loam","friable","moderate to very rapid","moderate","perched water table in spring","moderately low","34 inches","QQ-107"
119,NA,NA,NA,NA,NA,NA,NA,NA,NA,NA,NA,NA,NA,"PP-134"
120,NA,NA,NA,NA,NA,NA,NA,NA,NA,NA,NA,NA,NA,"PP-132"
121,NA,NA,NA,NA,NA,NA,NA,NA,NA,NA,NA,NA,NA,"PP-128"
122,NA,NA,NA,NA,NA,NA,NA,NA,NA,NA,NA,NA,NA,"PP-124"
123,184,184,12848.693755,2568466.49823,"poorly drained","107 Sawmill","silty clay loam","sticky","moderate to very rapid","high","<1' depth during wet season","high","not described","PP-122"
123,62,62,2424.35645287,311502.544954,"poorly drained","329 Will","silty clay loam","sticky","moderate to rapid","moderate","<1' depth during wet season","high","not described","PP-122"
124,NA,NA,NA,NA,NA,NA,NA,NA,NA,NA,NA,NA,NA,"OO-146"
125,184,184,12848.693755,2568466.49823,"poorly drained","107 Sawmill","silty clay loam","sticky","moderate to very rapid","high","<1' depth during wet season","high","not described","PP-117"
126,64,64,7506.69786162,1366595.78359,"well-drained","194 Ozaukee","silt loam","friable","moderate to very rapid","moderate","perched water table in spring","moderately low","34 inches","PP-107"
127,NA,NA,NA,NA,NA,NA,NA,NA,NA,NA,NA,NA,NA,"OO-130"
128,64,64,7506.69786162,1366595.78359,"well-drained","194 Ozaukee","silt loam","friable","moderate to very rapid","moderate","perched water table in spring","moderately low","34 inches","PP-102"
129,NA,NA,NA,NA,NA,NA,NA,NA,NA,NA,NA,NA,NA,"OO-129"
130,64,64,7506.69786162,1366595.78359,"well-drained","194 Ozaukee","silt loam","friable","moderate to very rapid","moderate","perched water table in spring","moderately low","34 inches","PP-101"
131,62,62,2424.35645287,311502.544954,"poorly drained","329 Will","silty clay loam","sticky","moderate to rapid","moderate","<1' depth during wet season","high","not described","OO-122"
131,184,184,12848.693755,2568466.49823,"poorly drained","107 Sawmill","silty clay loam","sticky","moderate to very rapid","high","<1' depth during wet season","high","not described","OO-122"
132,48,48,4297.98433133,254756.565623,"excellently drained","290 Warsaw","silt loam","friable","moderate to very rapid","moderate","not described","moderate","31 inches","PP-92"
133,NA,NA,NA,NA,NA,NA,NA,NA,NA,NA,NA,NA,NA,"NN-146"
134,NA,NA,NA,NA,NA,NA,NA,NA,NA,NA,NA,NA,NA,"NN-145"
135,NA,NA,NA,NA,NA,NA,NA,NA,NA,NA,NA,NA,NA,"NN-140"
136,63,63,1437.62978952,108997.613559,"poorly drained","23 Blount","silt loam","friable","moderate to very rapid","moderate","1-3' depth during wet season","moderately low","37 inches","OO-110"
137,NA,NA,NA,NA,NA,NA,NA,NA,NA,NA,NA,NA,NA,"NN-136"
138,64,64,7506.69786162,1366595.78359,"well-drained","194 Ozaukee","silt loam","friable","moderate to very rapid","moderate","perched water table in spring","moderately low","34 inches","OO-103"
139,64,64,7506.69786162,1366595.78359,"well-drained","194 Ozaukee","silt loam","friable","moderate to very rapid","moderate","perched water table in spring","moderately low","34 inches","OO-101"
140,64,64,7506.69786162,1366595.78359,"well-drained","194 Ozaukee","silt loam","friable","moderate to very rapid","moderate","perched water table in spring","moderately low","34 inches","OO-100"
141,NA,NA,NA,NA,NA,NA,NA,NA,NA,NA,NA,NA,NA,"NN-126"
142,45,45,9192.19366729,813016.169099,"well-drained","194 Ozaukee","silt loam","friable","moderate to very rapid","moderate","perched water table in spring","moderately low","34 inches","OO-95"
143,65,65,7161.06109262,840363.306268,"well-drained","194 Ozaukee","silt loam","friable","moderate to very rapid","moderate","perched water table in spring","moderately low","34 inches","NN-118"
144,64,64,7506.69786162,1366595.78359,"well-drained","194 Ozaukee","silt loam","friable","moderate to very rapid","moderate","perched water table in spring","moderately low","34 inches","NN-105"
145,64,64,7506.69786162,1366595.78359,"well-drained","194 Ozaukee","silt loam","friable","moderate to very rapid","moderate","perched water table in spring","moderately low","34 inches","NN-100"
146,54,54,11859.3522315,1588701.6106,"well-drained","194 Ozaukee","silt loam","friable","moderate to very rapid","moderate","perched water table in spring","moderately low","34 inches","NN-97"
147,48,48,4297.98433133,254756.565623,"excellently drained","290 Warsaw","silt loam","friable","moderate to very rapid","moderate","not described","moderate","31 inches","NN-91"
148,48,48,4297.98433133,254756.565623,"excellently drained","290 Warsaw","silt loam","friable","moderate to very rapid","moderate","not described","moderate","31 inches","NN-89"
149,65,65,7161.06109262,840363.306268,"well-drained","194 Ozaukee","silt loam","friable","moderate to very rapid","moderate","perched water table in spring","moderately low","34 inches","MM-114"
150,NA,NA,NA,NA,NA,NA,NA,NA,NA,NA,NA,NA,NA,"LL-141"
151,64,64,7506.69786162,1366595.78359,"well-drained","194 Ozaukee","silt loam","friable","moderate to very rapid","moderate","perched water table in spring","moderately low","34 inches","MM-108"
152,NA,NA,NA,NA,NA,NA,NA,NA,NA,NA,NA,NA,NA,"LL-135"
153,NA,NA,NA,NA,NA,NA,NA,NA,NA,NA,NA,NA,NA,"LL-133"
154,59,59,4353.51132911,766097.046924,"well-drained","194 Ozaukee","silt loam","friable","moderate to very rapid","moderate","perched water table in spring","moderately low","34 inches","MM-102"
155,NA,NA,NA,NA,NA,NA,NA,NA,NA,NA,NA,NA,NA,"LL-128"
156,54,54,11859.3522315,1588701.6106,"well-drained","194 Ozaukee","silt loam","friable","moderate to very rapid","moderate","perched water table in spring","moderately low","34 inches","MM-97"
157,184,184,12848.693755,2568466.49823,"poorly drained","107 Sawmill","silty clay loam","sticky","moderate to very rapid","high","<1' depth during wet season","high","not described","LL-123"
157,62,62,2424.35645287,311502.544954,"poorly drained","329 Will","silty clay loam","sticky","moderate to rapid","moderate","<1' depth during wet season","high","not described","LL-123"
158,62,62,2424.35645287,311502.544954,"poorly drained","329 Will","silty clay loam","sticky","moderate to rapid","moderate","<1' depth during wet season","high","not described","LL-122"
158,184,184,12848.693755,2568466.49823,"poorly drained","107 Sawmill","silty clay loam","sticky","moderate to very rapid","high","<1' depth during wet season","high","not described","LL-122"
159,54,54,11859.3522315,1588701.6106,"well-drained","194 Ozaukee","silt loam","friable","moderate to very rapid","moderate","perched water table in spring","moderately low","34 inches","MM-94"
160,65,65,7161.06109262,840363.306268,"well-drained","194 Ozaukee","silt loam","friable","moderate to very rapid","moderate","perched water table in spring","moderately low","34 inches","LL-119"
161,NA,NA,NA,NA,NA,NA,NA,NA,NA,NA,NA,NA,NA,"KK-145"
162,64,64,7506.69786162,1366595.78359,"well-drained","194 Ozaukee","silt loam","friable","moderate to very rapid","moderate","perched water table in spring","moderately low","34 inches","LL-114"
163,59,59,4353.51132911,766097.046924,"well-drained","194 Ozaukee","silt loam","friable","moderate to very rapid","moderate","perched water table in spring","moderately low","34 inches","LL-104"
164,NA,NA,NA,NA,NA,NA,NA,NA,NA,NA,NA,NA,NA,"KK-131"
165,184,184,12848.693755,2568466.49823,"poorly drained","107 Sawmill","silty clay loam","sticky","moderate to very rapid","high","<1' depth during wet season","high","not described","KK-122"
166,184,184,12848.693755,2568466.49823,"poorly drained","107 Sawmill","silty clay loam","sticky","moderate to very rapid","high","<1' depth during wet season","high","not described","KK-121"
167,54,54,11859.3522315,1588701.6106,"well-drained","194 Ozaukee","silt loam","friable","moderate to very rapid","moderate","perched water table in spring","moderately low","34 inches","LL-93"
168,45,45,9192.19366729,813016.169099,"well-drained","194 Ozaukee","silt loam","friable","moderate to very rapid","moderate","perched water table in spring","moderately low","34 inches","LL-90"
169,NA,NA,NA,NA,NA,NA,NA,NA,NA,NA,NA,NA,NA,"JJ-140"
170,48,48,4297.98433133,254756.565623,"excellently drained","290 Warsaw","silt loam","friable","moderate to very rapid","moderate","not described","moderate","31 inches","LL-84"
171,64,64,7506.69786162,1366595.78359,"well-drained","194 Ozaukee","silt loam","friable","moderate to very rapid","moderate","perched water table in spring","moderately low","34 inches","KK-109"
172,NA,NA,NA,NA,NA,NA,NA,NA,NA,NA,NA,NA,NA,"JJ-129"
173,59,59,4353.51132911,766097.046924,"well-drained","194 Ozaukee","silt loam","friable","moderate to very rapid","moderate","perched water table in spring","moderately low","34 inches","KK-101"
174,65,65,7161.06109262,840363.306268,"well-drained","194 Ozaukee","silt loam","friable","moderate to very rapid","moderate","perched water table in spring","moderately low","34 inches","JJ-121"
175,54,54,11859.3522315,1588701.6106,"well-drained","194 Ozaukee","silt loam","friable","moderate to very rapid","moderate","perched water table in spring","moderately low","34 inches","KK-93"
176,67,67,3301.07568443,303313.609518,"poorly drained","23 Blount","silt loam","friable","moderate to very rapid","moderate","1-3' depth during wet season","moderately low","37 inches","JJ-115"
177,NA,NA,NA,NA,NA,NA,NA,NA,NA,NA,NA,NA,NA,"II-142"
178,67,67,3301.07568443,303313.609518,"poorly drained","23 Blount","silt loam","friable","moderate to very rapid","moderate","1-3' depth during wet season","moderately low","37 inches","JJ-114"
179,64,64,7506.69786162,1366595.78359,"well-drained","194 Ozaukee","silt loam","friable","moderate to very rapid","moderate","perched water table in spring","moderately low","34 inches","JJ-111"
180,NA,NA,NA,NA,NA,NA,NA,NA,NA,NA,NA,NA,NA,"II-136"
181,48,48,4297.98433133,254756.565623,"excellently drained","290 Warsaw","silt loam","friable","moderate to very rapid","moderate","not described","moderate","31 inches","KK-80"
182,NA,NA,NA,NA,NA,NA,NA,NA,NA,NA,NA,NA,NA,"II-131"
183,NA,NA,NA,NA,NA,NA,NA,NA,NA,NA,NA,NA,NA,"II-130"
184,59,59,4353.51132911,766097.046924,"well-drained","194 Ozaukee","silt loam","friable","moderate to very rapid","moderate","perched water table in spring","moderately low","34 inches","JJ-102"
185,54,54,11859.3522315,1588701.6106,"well-drained","194 Ozaukee","silt loam","friable","moderate to very rapid","moderate","perched water table in spring","moderately low","34 inches","JJ-96"
186,65,65,7161.06109262,840363.306268,"well-drained","194 Ozaukee","silt loam","friable","moderate to very rapid","moderate","perched water table in spring","moderately low","34 inches","II-122"
187,54,54,11859.3522315,1588701.6106,"well-drained","194 Ozaukee","silt loam","friable","moderate to very rapid","moderate","perched water table in spring","moderately low","34 inches","JJ-93"
188,NA,NA,NA,NA,NA,NA,NA,NA,NA,NA,NA,NA,NA,"HH-147"
189,196,196,3461.24124897,256057.143678,"well-drained","194 Ozaukee","silt loam","friable","moderate to very rapid","moderate","perched water table in spring","moderately low","34 inches","II-118"
190,54,54,11859.3522315,1588701.6106,"well-drained","194 Ozaukee","silt loam","friable","moderate to very rapid","moderate","perched water table in spring","moderately low","34 inches","JJ-87"
191,NA,NA,NA,NA,NA,NA,NA,NA,NA,NA,NA,NA,NA,"HH-139"
192,59,59,4353.51132911,766097.046924,"well-drained","194 Ozaukee","silt loam","friable","moderate to very rapid","moderate","perched water table in spring","moderately low","34 inches","II-105"
193,184,184,12848.693755,2568466.49823,"poorly drained","107 Sawmill","silty clay loam","sticky","moderate to very rapid","high","<1' depth during wet season","high","not described","HH-130"
194,184,184,12848.693755,2568466.49823,"poorly drained","107 Sawmill","silty clay loam","sticky","moderate to very rapid","high","<1' depth during wet season","high","not described","HH-126"
195,NA,NA,NA,NA,NA,NA,NA,NA,NA,NA,NA,NA,NA,"GG-146"
196,54,54,11859.3522315,1588701.6106,"well-drained","194 Ozaukee","silt loam","friable","moderate to very rapid","moderate","perched water table in spring","moderately low","34 inches","II-90"
197,196,196,3461.24124897,256057.143678,"well-drained","194 Ozaukee","silt loam","friable","moderate to very rapid","moderate","perched water table in spring","moderately low","34 inches","HH-116"
198,196,196,3461.24124897,256057.143678,"well-drained","194 Ozaukee","silt loam","friable","moderate to very rapid","moderate","perched water table in spring","moderately low","34 inches","HH-115"
199,54,54,11859.3522315,1588701.6106,"well-drained","194 Ozaukee","silt loam","friable","moderate to very rapid","moderate","perched water table in spring","moderately low","34 inches","II-87"
200,NA,NA,NA,NA,NA,NA,NA,NA,NA,NA,NA,NA,NA,"GG-140"
201,66,66,494.703380771,17822.2684059,"poorly drained","232 Ashkum","silty clay loam","sticky","moderate to very rapid","high",">1' depth during wet season","high","37 inches","HH-110"
202,45,45,9192.19366729,813016.169099,"well-drained","194 Ozaukee","silt loam","friable","moderate to very rapid","moderate","perched water table in spring","moderately low","34 inches","II-81"
203,NA,NA,NA,NA,NA,NA,NA,NA,NA,NA,NA,NA,NA,"GG-135"
204,59,59,4353.51132911,766097.046924,"well-drained","194 Ozaukee","silt loam","friable","moderate to very rapid","moderate","perched water table in spring","moderately low","34 inches","HH-105"
205,59,59,4353.51132911,766097.046924,"well-drained","194 Ozaukee","silt loam","friable","moderate to very rapid","moderate","perched water table in spring","moderately low","34 inches","HH-103"
206,58,58,1217.26305329,49571.797956,"poorly drained","232 Ashkum","silty clay loam","sticky","moderate to very rapid","high",">1' depth during wet season","high","37 inches","HH-100"
207,184,184,12848.693755,2568466.49823,"poorly drained","107 Sawmill","silty clay loam","sticky","moderate to very rapid","high","<1' depth during wet season","high","not described","GG-127"
208,54,54,11859.3522315,1588701.6106,"well-drained","194 Ozaukee","silt loam","friable","moderate to very rapid","moderate","perched water table in spring","moderately low","34 inches","HH-96"
209,65,65,7161.06109262,840363.306268,"well-drained","194 Ozaukee","silt loam","friable","moderate to very rapid","moderate","perched water table in spring","moderately low","34 inches","GG-122"
210,65,65,7161.06109262,840363.306268,"well-drained","194 Ozaukee","silt loam","friable","moderate to very rapid","moderate","perched water table in spring","moderately low","34 inches","GG-121"
211,70,70,8114.59792125,1473691.99558,"well-drained","194 Ozaukee","silt loam","friable","moderate to very rapid","moderate","perched water table in spring","moderately low","34 inches","HH-93"
212,NA,NA,NA,NA,NA,NA,NA,NA,NA,NA,NA,NA,NA,"FF-146"
213,56,56,1480.67368291,105767.97451,"poorly drained","23 Blount","silt loam","friable","moderate to very rapid","moderate","1-3' depth during wet season","moderately low","37 inches","HH-90"
214,56,56,1480.67368291,105767.97451,"poorly drained","23 Blount","silt loam","friable","moderate to very rapid","moderate","1-3' depth during wet season","moderately low","37 inches","HH-87"
215,54,54,11859.3522315,1588701.6106,"well-drained","194 Ozaukee","silt loam","friable","moderate to very rapid","moderate","perched water table in spring","moderately low","34 inches","HH-85"
216,NA,NA,NA,NA,NA,NA,NA,NA,NA,NA,NA,NA,NA,"FF-138"
217,45,45,9192.19366729,813016.169099,"well-drained","194 Ozaukee","silt loam","friable","moderate to very rapid","moderate","perched water table in spring","moderately low","34 inches","HH-79"
218,184,184,12848.693755,2568466.49823,"poorly drained","107 Sawmill","silty clay loam","sticky","moderate to very rapid","high","<1' depth during wet season","high","not described","FF-132"
219,184,184,12848.693755,2568466.49823,"poorly drained","107 Sawmill","silty clay loam","sticky","moderate to very rapid","high","<1' depth during wet season","high","not described","FF-127"
220,184,184,12848.693755,2568466.49823,"poorly drained","107 Sawmill","silty clay loam","sticky","moderate to very rapid","high","<1' depth during wet season","high","not described","FF-126"
221,65,65,7161.06109262,840363.306268,"well-drained","194 Ozaukee","silt loam","friable","moderate to very rapid","moderate","perched water table in spring","moderately low","34 inches","FF-123"
222,70,70,8114.59792125,1473691.99558,"well-drained","194 Ozaukee","silt loam","friable","moderate to very rapid","moderate","perched water table in spring","moderately low","34 inches","GG-94"
223,70,70,8114.59792125,1473691.99558,"well-drained","194 Ozaukee","silt loam","friable","moderate to very rapid","moderate","perched water table in spring","moderately low","34 inches","GG-92"
224,196,196,3461.24124897,256057.143678,"well-drained","194 Ozaukee","silt loam","friable","moderate to very rapid","moderate","perched water table in spring","moderately low","34 inches","FF-117"
225,196,196,3461.24124897,256057.143678,"well-drained","194 Ozaukee","silt loam","friable","moderate to very rapid","moderate","perched water table in spring","moderately low","34 inches","FF-114"
226,NA,NA,NA,NA,NA,NA,NA,NA,NA,NA,NA,NA,NA,"EE-140"
227,67,67,3301.07568443,303313.609518,"poorly drained","23 Blount","silt loam","friable","moderate to very rapid","moderate","1-3' depth during wet season","moderately low","37 inches","FF-112"
228,NA,NA,NA,NA,NA,NA,NA,NA,NA,NA,NA,NA,NA,"EE-134"
229,184,184,12848.693755,2568466.49823,"poorly drained","107 Sawmill","silty clay loam","sticky","moderate to very rapid","high","<1' depth during wet season","high","not described","EE-132"
230,184,184,12848.693755,2568466.49823,"poorly drained","107 Sawmill","silty clay loam","sticky","moderate to very rapid","high","<1' depth during wet season","high","not described","EE-128"
231,184,184,12848.693755,2568466.49823,"poorly drained","107 Sawmill","silty clay loam","sticky","moderate to very rapid","high","<1' depth during wet season","high","not described","EE-126"
231,183,183,1282.12816129,97991.6034245,"poorly drained","329 Will","silty clay loam","sticky","moderate to rapid","moderate","<1' depth during wet season","high","not described","EE-126"
232,70,70,8114.59792125,1473691.99558,"well-drained","194 Ozaukee","silt loam","friable","moderate to very rapid","moderate","perched water table in spring","moderately low","34 inches","FF-94"
233,NA,NA,NA,NA,NA,NA,NA,NA,NA,NA,NA,NA,NA,"DD-148"
234,65,65,7161.06109262,840363.306268,"well-drained","194 Ozaukee","silt loam","friable","moderate to very rapid","moderate","perched water table in spring","moderately low","34 inches","EE-120"
235,70,70,8114.59792125,1473691.99558,"well-drained","194 Ozaukee","silt loam","friable","moderate to very rapid","moderate","perched water table in spring","moderately low","34 inches","FF-91"
236,NA,NA,NA,NA,NA,NA,NA,NA,NA,NA,NA,NA,NA,"DD-145"
237,59,59,4353.51132911,766097.046924,"well-drained","194 Ozaukee","silt loam","friable","moderate to very rapid","moderate","perched water table in spring","moderately low","34 inches","EE-108"
238,184,184,12848.693755,2568466.49823,"poorly drained","107 Sawmill","silty clay loam","sticky","moderate to very rapid","high","<1' depth during wet season","high","not described","DD-130"
239,NA,NA,NA,NA,NA,NA,NA,NA,NA,NA,NA,NA,NA,"CC-144"
240,70,70,8114.59792125,1473691.99558,"well-drained","194 Ozaukee","silt loam","friable","moderate to very rapid","moderate","perched water table in spring","moderately low","34 inches","EE-88"
241,196,196,3461.24124897,256057.143678,"well-drained","194 Ozaukee","silt loam","friable","moderate to very rapid","moderate","perched water table in spring","moderately low","34 inches","DD-115"
242,68,68,1943.9929173,122093.911102,"well-drained","194 Ozaukee","silt loam","friable","moderate to very rapid","moderate","perched water table in spring","moderately low","34 inches","DD-114"
243,68,68,1943.9929173,122093.911102,"well-drained","194 Ozaukee","silt loam","friable","moderate to very rapid","moderate","perched water table in spring","moderately low","34 inches","DD-112"
244,NA,NA,NA,NA,NA,NA,NA,NA,NA,NA,NA,NA,NA,"CC-138"
245,54,54,11859.3522315,1588701.6106,"well-drained","194 Ozaukee","silt loam","friable","moderate to very rapid","moderate","perched water table in spring","moderately low","34 inches","EE-78"
246,54,54,11859.3522315,1588701.6106,"well-drained","194 Ozaukee","silt loam","friable","moderate to very rapid","moderate","perched water table in spring","moderately low","34 inches","EE-77"
247,70,70,8114.59792125,1473691.99558,"well-drained","194 Ozaukee","silt loam","friable","moderate to very rapid","moderate","perched water table in spring","moderately low","34 inches","DD-100"
248,65,65,7161.06109262,840363.306268,"well-drained","194 Ozaukee","silt loam","friable","moderate to very rapid","moderate","perched water table in spring","moderately low","34 inches","CC-123"
249,70,70,8114.59792125,1473691.99558,"well-drained","194 Ozaukee","silt loam","friable","moderate to very rapid","moderate","perched water table in spring","moderately low","34 inches","DD-90"
250,NA,NA,NA,NA,NA,NA,NA,NA,NA,NA,NA,NA,NA,"BB-144"
251,162,162,2430.8239729,154876.975321,"well-drained","327 Fox","silt loam","friable","moderate to very rapid","moderate","not described","moderately low","36 inches","BB-141"
252,70,70,8114.59792125,1473691.99558,"well-drained","194 Ozaukee","silt loam","friable","moderate to very rapid","moderate","perched water table in spring","moderately low","34 inches","DD-86"
253,163,163,481.04766224,14263.557936,"poorly drained","394 Reddick, variant","silt loam","friable","moderately slow to slow","not described","not described","not described","not described","BB-140"
254,70,70,8114.59792125,1473691.99558,"well-drained","194 Ozaukee","silt loam","friable","moderate to very rapid","moderate","perched water table in spring","moderately low","34 inches","DD-83"
255,59,59,4353.51132911,766097.046924,"well-drained","194 Ozaukee","silt loam","friable","moderate to very rapid","moderate","perched water table in spring","moderately low","34 inches","CC-109"
256,54,54,11859.3522315,1588701.6106,"well-drained","194 Ozaukee","silt loam","friable","moderate to very rapid","moderate","perched water table in spring","moderately low","34 inches","DD-78"
257,183,183,1282.12816129,97991.6034245,"poorly drained","329 Will","silty clay loam","sticky","moderate to rapid","moderate","<1' depth during wet season","high","not described","BB-128"
257,184,184,12848.693755,2568466.49823,"poorly drained","107 Sawmill","silty clay loam","sticky","moderate to very rapid","high","<1' depth during wet season","high","not described","BB-128"
258,70,70,8114.59792125,1473691.99558,"well-drained","194 Ozaukee","silt loam","friable","moderate to very rapid","moderate","perched water table in spring","moderately low","34 inches","CC-99"
259,70,70,8114.59792125,1473691.99558,"well-drained","194 Ozaukee","silt loam","friable","moderate to very rapid","moderate","perched water table in spring","moderately low","34 inches","CC-97"
260,70,70,8114.59792125,1473691.99558,"well-drained","194 Ozaukee","silt loam","friable","moderate to very rapid","moderate","perched water table in spring","moderately low","34 inches","CC-96"
261,190,190,10294.2365702,956366.793907,"poorly drained","232 Ashkum","silty clay loam","sticky","moderate to very rapid","high",">1' depth during wet season","high","37 inches","BB-121"
262,190,190,10294.2365702,956366.793907,"poorly drained","232 Ashkum","silty clay loam","sticky","moderate to very rapid","high",">1' depth during wet season","high","37 inches","BB-118"
263,190,190,10294.2365702,956366.793907,"poorly drained","232 Ashkum","silty clay loam","sticky","moderate to very rapid","high",">1' depth during wet season","high","37 inches","BB-116"
264,70,70,8114.59792125,1473691.99558,"well-drained","194 Ozaukee","silt loam","friable","moderate to very rapid","moderate","perched water table in spring","moderately low","34 inches","CC-86"
265,59,59,4353.51132911,766097.046924,"well-drained","194 Ozaukee","silt loam","friable","moderate to very rapid","moderate","perched water table in spring","moderately low","34 inches","BB-107"
266,69,69,2482.32096255,278408.561874,"poorly drained","23 Blount","silt loam","friable","moderate to very rapid","moderate","1-3' depth during wet season","moderately low","37 inches","CC-78"
267,69,69,2482.32096255,278408.561874,"poorly drained","23 Blount","silt loam","friable","moderate to very rapid","moderate","1-3' depth during wet season","moderately low","37 inches","CC-76"
268,184,184,12848.693755,2568466.49823,"poorly drained","107 Sawmill","silty clay loam","sticky","moderate to very rapid","high","<1' depth during wet season","high","not described","AA-129"
269,184,184,12848.693755,2568466.49823,"poorly drained","107 Sawmill","silty clay loam","sticky","moderate to very rapid","high","<1' depth during wet season","high","not described","AA-125"
270,72,72,2643.27249723,177469.690193,"poorly drained","232 Ashkum","silty clay loam","sticky","moderate to very rapid","high",">1' depth during wet season","high","37 inches","BB-92"
271,95,95,1604.35591523,108951.012466,"well-drained","194 Ozaukee","silt loam","friable","moderate to very rapid","moderate","perched water table in spring","moderately low","34 inches","AA-118"
272,95,95,1604.35591523,108951.012466,"well-drained","194 Ozaukee","silt loam","friable","moderate to very rapid","moderate","perched water table in spring","moderately low","34 inches","AA-117"
273,190,190,10294.2365702,956366.793907,"poorly drained","232 Ashkum","silty clay loam","sticky","moderate to very rapid","high",">1' depth during wet season","high","37 inches","AA-116"
274,184,184,12848.693755,2568466.49823,"poorly drained","107 Sawmill","silty clay loam","sticky","moderate to very rapid","high","<1' depth during wet season","high","not described","Z-143"
275,70,70,8114.59792125,1473691.99558,"well-drained","194 Ozaukee","silt loam","friable","moderate to very rapid","moderate","perched water table in spring","moderately low","34 inches","BB-84"
276,184,184,12848.693755,2568466.49823,"poorly drained","107 Sawmill","silty clay loam","sticky","moderate to very rapid","high","<1' depth during wet season","high","not described","Z-132"
277,99,99,16291.3389161,3234176.95971,"well-drained","194 Ozaukee","silt loam","friable","moderate to very rapid","moderate","perched water table in spring","moderately low","34 inches","Z-128"
278,190,190,10294.2365702,956366.793907,"poorly drained","232 Ashkum","silty clay loam","sticky","moderate to very rapid","high",">1' depth during wet season","high","37 inches","Z-124"
279,70,70,8114.59792125,1473691.99558,"well-drained","194 Ozaukee","silt loam","friable","moderate to very rapid","moderate","perched water table in spring","moderately low","34 inches","AA-95"
280,96,96,1002.4219565,78140.5894187,"very poorly drained","330 Peotone","silty clay loam","sticky","moderately slow to slow","high","<1' depth during wet season","high","not described","Z-122"
281,NA,NA,NA,NA,NA,NA,NA,NA,NA,NA,NA,NA,NA,"Y-147"
282,95,95,1604.35591523,108951.012466,"well-drained","194 Ozaukee","silt loam","friable","moderate to very rapid","moderate","perched water table in spring","moderately low","34 inches","Z-118"
283,190,190,10294.2365702,956366.793907,"poorly drained","232 Ashkum","silty clay loam","sticky","moderate to very rapid","high",">1' depth during wet season","high","37 inches","Z-108"
284,184,184,12848.693755,2568466.49823,"poorly drained","107 Sawmill","silty clay loam","sticky","moderate to very rapid","high","<1' depth during wet season","high","not described","Y-135"
285,70,70,8114.59792125,1473691.99558,"well-drained","194 Ozaukee","silt loam","friable","moderate to very rapid","moderate","perched water table in spring","moderately low","34 inches","AA-79"
286,69,69,2482.32096255,278408.561874,"poorly drained","23 Blount","silt loam","friable","moderate to very rapid","moderate","1-3' depth during wet season","moderately low","37 inches","Z-76"
287,98,98,1844.03768098,98011.4706297,"poorly drained","232 Ashkum","silty clay loam","sticky","moderate to very rapid","high",">1' depth during wet season","high","37 inches","Y-130"
288,98,98,1844.03768098,98011.4706297,"poorly drained","232 Ashkum","silty clay loam","sticky","moderate to very rapid","high",">1' depth during wet season","high","37 inches","Y-128"
289,72,72,2643.27249723,177469.690193,"poorly drained","232 Ashkum","silty clay loam","sticky","moderate to very rapid","high",">1' depth during wet season","high","37 inches","Z-92"
290,184,184,12848.693755,2568466.49823,"poorly drained","107 Sawmill","silty clay loam","sticky","moderate to very rapid","high","<1' depth during wet season","high","not described","X-143"
291,190,190,10294.2365702,956366.793907,"poorly drained","232 Ashkum","silty clay loam","sticky","moderate to very rapid","high",">1' depth during wet season","high","37 inches","Y-112"
292,184,184,12848.693755,2568466.49823,"poorly drained","107 Sawmill","silty clay loam","sticky","moderate to very rapid","high","<1' depth during wet season","high","not described","X-139"
293,184,184,12848.693755,2568466.49823,"poorly drained","107 Sawmill","silty clay loam","sticky","moderate to very rapid","high","<1' depth during wet season","high","not described","X-138"
294,190,190,10294.2365702,956366.793907,"poorly drained","232 Ashkum","silty clay loam","sticky","moderate to very rapid","high",">1' depth during wet season","high","37 inches","Y-110"
295,75,75,3593.8359938,798113.50803,"moderately well-drained","195 Glynwood","silt loam","friable","moderate to very rapid","not described","perched water table in spring","not described","not described","Z-82"
296,91,91,3416.67200483,306317.921649,"well-drained","194 Ozaukee","silt loam","friable","moderate to very rapid","moderate","perched water table in spring","moderately low","34 inches","Y-105"
297,99,99,16291.3389161,3234176.95971,"well-drained","194 Ozaukee","silt loam","friable","moderate to very rapid","moderate","perched water table in spring","moderately low","34 inches","X-125"
298,70,70,8114.59792125,1473691.99558,"well-drained","194 Ozaukee","silt loam","friable","moderate to very rapid","moderate","perched water table in spring","moderately low","34 inches","Y-96"
299,99,99,16291.3389161,3234176.95971,"well-drained","194 Ozaukee","silt loam","friable","moderate to very rapid","moderate","perched water table in spring","moderately low","34 inches","X-121"
300,162,162,2430.8239729,154876.975321,"well-drained","327 Fox","silt loam","friable","moderate to very rapid","moderate","not described","moderately low","36 inches","W-146"
301,95,95,1604.35591523,108951.012466,"well-drained","194 Ozaukee","silt loam","friable","moderate to very rapid","moderate","perched water table in spring","moderately low","34 inches","X-118"
302,72,72,2643.27249723,177469.690193,"poorly drained","232 Ashkum","silty clay loam","sticky","moderate to very rapid","high",">1' depth during wet season","high","37 inches","Y-90"
303,75,75,3593.8359938,798113.50803,"moderately well-drained","195 Glynwood","silt loam","friable","moderate to very rapid","not described","perched water table in spring","not described","not described","Y-84"
304,190,190,10294.2365702,956366.793907,"poorly drained","232 Ashkum","silty clay loam","sticky","moderate to very rapid","high",">1' depth during wet season","high","37 inches","X-110"
305,184,184,12848.693755,2568466.49823,"poorly drained","107 Sawmill","silty clay loam","sticky","moderate to very rapid","high","<1' depth during wet season","high","not described","W-137"
306,184,184,12848.693755,2568466.49823,"poorly drained","107 Sawmill","silty clay loam","sticky","moderate to very rapid","high","<1' depth during wet season","high","not described","W-136"
307,74,74,1425.0149572,77452.6198088,"poorly drained","232 Ashkum","silty clay loam","sticky","moderate to very rapid","high",">1' depth during wet season","high","37 inches","Y-80"
308,99,99,16291.3389161,3234176.95971,"well-drained","194 Ozaukee","silt loam","friable","moderate to very rapid","moderate","perched water table in spring","moderately low","34 inches","W-132"
309,73,73,663.100799958,33428.341466,"poorly drained","232 Ashkum","silty clay loam","sticky","moderate to very rapid","high",">1' depth during wet season","high","37 inches","X-93"
310,75,75,3593.8359938,798113.50803,"moderately well-drained","195 Glynwood","silt loam","friable","moderate to very rapid","not described","perched water table in spring","not described","not described","X-87"
311,99,99,16291.3389161,3234176.95971,"well-drained","194 Ozaukee","silt loam","friable","moderate to very rapid","moderate","perched water table in spring","moderately low","34 inches","W-112"
312,190,190,10294.2365702,956366.793907,"poorly drained","232 Ashkum","silty clay loam","sticky","moderate to very rapid","high",">1' depth during wet season","high","37 inches","W-109"
313,99,99,16291.3389161,3234176.95971,"well-drained","194 Ozaukee","silt loam","friable","moderate to very rapid","moderate","perched water table in spring","moderately low","34 inches","V-136"
314,99,99,16291.3389161,3234176.95971,"well-drained","194 Ozaukee","silt loam","friable","moderate to very rapid","moderate","perched water table in spring","moderately low","34 inches","V-134"
315,91,91,3416.67200483,306317.921649,"well-drained","194 Ozaukee","silt loam","friable","moderate to very rapid","moderate","perched water table in spring","moderately low","34 inches","W-106"
316,75,75,3593.8359938,798113.50803,"moderately well-drained","195 Glynwood","silt loam","friable","moderate to very rapid","not described","perched water table in spring","not described","not described","W-91"
317,75,75,3593.8359938,798113.50803,"moderately well-drained","195 Glynwood","silt loam","friable","moderate to very rapid","not described","perched water table in spring","not described","not described","W-87"
318,190,190,10294.2365702,956366.793907,"poorly drained","232 Ashkum","silty clay loam","sticky","moderate to very rapid","high",">1' depth during wet season","high","37 inches","V-114"
319,99,99,16291.3389161,3234176.95971,"well-drained","194 Ozaukee","silt loam","friable","moderate to very rapid","moderate","perched water table in spring","moderately low","34 inches","V-113"
320,99,99,16291.3389161,3234176.95971,"well-drained","194 Ozaukee","silt loam","friable","moderate to very rapid","moderate","perched water table in spring","moderately low","34 inches","V-111"
321,99,99,16291.3389161,3234176.95971,"well-drained","194 Ozaukee","silt loam","friable","moderate to very rapid","moderate","perched water table in spring","moderately low","34 inches","U-134"
322,99,99,16291.3389161,3234176.95971,"well-drained","194 Ozaukee","silt loam","friable","moderate to very rapid","moderate","perched water table in spring","moderately low","34 inches","U-130"
323,99,99,16291.3389161,3234176.95971,"well-drained","194 Ozaukee","silt loam","friable","moderate to very rapid","moderate","perched water table in spring","moderately low","34 inches","U-125"
324,184,184,12848.693755,2568466.49823,"poorly drained","107 Sawmill","silty clay loam","sticky","moderate to very rapid","high","<1' depth during wet season","high","not described","T-147"
325,75,75,3593.8359938,798113.50803,"moderately well-drained","195 Glynwood","silt loam","friable","moderate to very rapid","not described","perched water table in spring","not described","not described","V-89"
326,75,75,3593.8359938,798113.50803,"moderately well-drained","195 Glynwood","silt loam","friable","moderate to very rapid","not described","perched water table in spring","not described","not described","V-84"
327,99,99,16291.3389161,3234176.95971,"well-drained","194 Ozaukee","silt loam","friable","moderate to very rapid","moderate","perched water table in spring","moderately low","34 inches","U-111"
328,190,190,10294.2365702,956366.793907,"poorly drained","232 Ashkum","silty clay loam","sticky","moderate to very rapid","high",">1' depth during wet season","high","37 inches","U-110"
329,190,190,10294.2365702,956366.793907,"poorly drained","232 Ashkum","silty clay loam","sticky","moderate to very rapid","high",">1' depth during wet season","high","37 inches","U-107"
330,99,99,16291.3389161,3234176.95971,"well-drained","194 Ozaukee","silt loam","friable","moderate to very rapid","moderate","perched water table in spring","moderately low","34 inches","T-132"
331,98,98,1844.03768098,98011.4706297,"poorly drained","232 Ashkum","silty clay loam","sticky","moderate to very rapid","high",">1' depth during wet season","high","37 inches","T-127"
332,85,85,1793.31611826,127890.043717,"poorly drained","298 Beecher","silt loam","friable","slow","moderate","not described","moderate","34 inches","U-98"
333,83,83,7199.40852259,462711.427945,"poorly drained","146 Elliott","silt loam","friable","moderate to very rapid","moderate to high","1-3' depth during wet season","high","37 inches","U-96"
334,99,99,16291.3389161,3234176.95971,"well-drained","194 Ozaukee","silt loam","friable","moderate to very rapid","moderate","perched water table in spring","moderately low","34 inches","T-122"
335,99,99,16291.3389161,3234176.95971,"well-drained","194 Ozaukee","silt loam","friable","moderate to very rapid","moderate","perched water table in spring","moderately low","34 inches","T-114"
336,99,99,16291.3389161,3234176.95971,"well-drained","194 Ozaukee","silt loam","friable","moderate to very rapid","moderate","perched water table in spring","moderately low","34 inches","S-134"
337,99,99,16291.3389161,3234176.95971,"well-drained","194 Ozaukee","silt loam","friable","moderate to very rapid","moderate","perched water table in spring","moderately low","34 inches","S-126"
338,75,75,3593.8359938,798113.50803,"moderately well-drained","195 Glynwood","silt loam","friable","moderate to very rapid","not described","perched water table in spring","not described","not described","T-88"
339,75,75,3593.8359938,798113.50803,"moderately well-drained","195 Glynwood","silt loam","friable","moderate to very rapid","not described","perched water table in spring","not described","not described","T-84"
340,190,190,10294.2365702,956366.793907,"poorly drained","232 Ashkum","silty clay loam","sticky","moderate to very rapid","high",">1' depth during wet season","high","37 inches","S-111"
341,92,92,3631.08451034,351783.417796,"well-drained","194 Ozaukee","silt loam","friable","moderate to very rapid","moderate","perched water table in spring","moderately low","34 inches","S-105"
342,99,99,16291.3389161,3234176.95971,"well-drained","194 Ozaukee","silt loam","friable","moderate to very rapid","moderate","perched water table in spring","moderately low","34 inches","R-128"
343,83,83,7199.40852259,462711.427945,"poorly drained","146 Elliott","silt loam","friable","moderate to very rapid","moderate to high","1-3' depth during wet season","high","37 inches","S-97"
344,99,99,16291.3389161,3234176.95971,"well-drained","194 Ozaukee","silt loam","friable","moderate to very rapid","moderate","perched water table in spring","moderately low","34 inches","R-116"
345,75,75,3593.8359938,798113.50803,"moderately well-drained","195 Glynwood","silt loam","friable","moderate to very rapid","not described","perched water table in spring","not described","not described","S-86"
346,99,99,16291.3389161,3234176.95971,"well-drained","194 Ozaukee","silt loam","friable","moderate to very rapid","moderate","perched water table in spring","moderately low","34 inches","R-113"
347,92,92,3631.08451034,351783.417796,"well-drained","194 Ozaukee","silt loam","friable","moderate to very rapid","moderate","perched water table in spring","moderately low","34 inches","R-109"
348,99,99,16291.3389161,3234176.95971,"well-drained","194 Ozaukee","silt loam","friable","moderate to very rapid","moderate","perched water table in spring","moderately low","34 inches","Q-135"
349,99,99,16291.3389161,3234176.95971,"well-drained","194 Ozaukee","silt loam","friable","moderate to very rapid","moderate","perched water table in spring","moderately low","34 inches","Q-132"
350,99,99,16291.3389161,3234176.95971,"well-drained","194 Ozaukee","silt loam","friable","moderate to very rapid","moderate","perched water table in spring","moderately low","34 inches","Q-129"
351,99,99,16291.3389161,3234176.95971,"well-drained","194 Ozaukee","silt loam","friable","moderate to very rapid","moderate","perched water table in spring","moderately low","34 inches","Q-127"
352,99,99,16291.3389161,3234176.95971,"well-drained","194 Ozaukee","silt loam","friable","moderate to very rapid","moderate","perched water table in spring","moderately low","34 inches","Q-122"
353,99,99,16291.3389161,3234176.95971,"well-drained","194 Ozaukee","silt loam","friable","moderate to very rapid","moderate","perched water table in spring","moderately low","34 inches","Q-120"
354,75,75,3593.8359938,798113.50803,"moderately well-drained","195 Glynwood","silt loam","friable","moderate to very rapid","not described","perched water table in spring","not described","not described","R-86"
355,161,161,2730.77825253,380485.49086,"well-drained","327 Fox","silt loam","friable","moderate to very rapid","moderate","not described","moderately low","36 inches","P-138"
356,190,190,10294.2365702,956366.793907,"poorly drained","232 Ashkum","silty clay loam","sticky","moderate to very rapid","high",">1' depth during wet season","high","37 inches","Q-110"
357,172,172,4900.14043464,770265.427855,"poorly drained","23 Blount","silt loam","friable","moderate to very rapid","moderate","1-3' depth during wet season","moderately low","37 inches","P-126"
358,99,99,16291.3389161,3234176.95971,"well-drained","194 Ozaukee","silt loam","friable","moderate to very rapid","moderate","perched water table in spring","moderately low","34 inches","P-124"
359,102,102,2199.79968216,108835.850389,"poorly drained","343 Kane","silt loam","sticky","moderate to rapid","moderate","1-3' depth during wet season","high","29 inches","O-136"
360,99,99,16291.3389161,3234176.95971,"well-drained","194 Ozaukee","silt loam","friable","moderate to very rapid","moderate","perched water table in spring","moderately low","34 inches","O-135"
361,165,165,4205.73211001,486861.326537,"poorly drained","23 Blount","silt loam","friable","moderate to very rapid","moderate","1-3' depth during wet season","moderately low","37 inches","P-107"
362,99,99,16291.3389161,3234176.95971,"well-drained","194 Ozaukee","silt loam","friable","moderate to very rapid","moderate","perched water table in spring","moderately low","34 inches","O-131"
363,99,99,16291.3389161,3234176.95971,"well-drained","194 Ozaukee","silt loam","friable","moderate to very rapid","moderate","perched water table in spring","moderately low","34 inches","O-121"
364,92,92,3631.08451034,351783.417796,"well-drained","194 Ozaukee","silt loam","friable","moderate to very rapid","moderate","perched water table in spring","moderately low","34 inches","O-109"
365,92,92,3631.08451034,351783.417796,"well-drained","194 Ozaukee","silt loam","friable","moderate to very rapid","moderate","perched water table in spring","moderately low","34 inches","O-108"
366,92,92,3631.08451034,351783.417796,"well-drained","194 Ozaukee","silt loam","friable","moderate to very rapid","moderate","perched water table in spring","moderately low","34 inches","O-105"
367,171,171,2498.15374153,211244.262246,"moderately well-drained","195 Glynwood","silt loam","friable","moderate to very rapid","not described","perched water table in spring","not described","not described","N-123"
368,99,99,16291.3389161,3234176.95971,"well-drained","194 Ozaukee","silt loam","friable","moderate to very rapid","moderate","perched water table in spring","moderately low","34 inches","N-116"
369,99,99,16291.3389161,3234176.95971,"well-drained","194 Ozaukee","silt loam","friable","moderate to very rapid","moderate","perched water table in spring","moderately low","34 inches","N-115"
370,99,99,16291.3389161,3234176.95971,"well-drained","194 Ozaukee","silt loam","friable","moderate to very rapid","moderate","perched water table in spring","moderately low","34 inches","N-113"
371,190,190,10294.2365702,956366.793907,"poorly drained","232 Ashkum","silty clay loam","sticky","moderate to very rapid","high",">1' depth during wet season","high","37 inches","N-110"
372,181,181,2917.09133359,314378.779485,"moderately well-drained","531 Markham","silt loam","friable","moderately slow to slow","moderate","perched water table in spring","moderate","34 inches","M-137"
373,99,99,16291.3389161,3234176.95971,"well-drained","194 Ozaukee","silt loam","friable","moderate to very rapid","moderate","perched water table in spring","moderately low","34 inches","M-134"
374,99,99,16291.3389161,3234176.95971,"well-drained","194 Ozaukee","silt loam","friable","moderate to very rapid","moderate","perched water table in spring","moderately low","34 inches","M-118"
375,171,171,2498.15374153,211244.262246,"moderately well-drained","195 Glynwood","silt loam","friable","moderate to very rapid","not described","perched water table in spring","not described","not described","L-121"
376,171,171,2498.15374153,211244.262246,"moderately well-drained","195 Glynwood","silt loam","friable","moderate to very rapid","not described","perched water table in spring","not described","not described","L-120"
377,99,99,16291.3389161,3234176.95971,"well-drained","194 Ozaukee","silt loam","friable","moderate to very rapid","moderate","perched water table in spring","moderately low","34 inches","L-111"
378,99,99,16291.3389161,3234176.95971,"well-drained","194 Ozaukee","silt loam","friable","moderate to very rapid","moderate","perched water table in spring","moderately low","34 inches","K-137"
379,172,172,4900.14043464,770265.427855,"poorly drained","23 Blount","silt loam","friable","moderate to very rapid","moderate","1-3' depth during wet season","moderately low","37 inches","K-130"
380,171,171,2498.15374153,211244.262246,"moderately well-drained","195 Glynwood","silt loam","friable","moderate to very rapid","not described","perched water table in spring","not described","not described","K-116"
381,169,169,1904.98659501,207459.709796,"moderately well-drained","195 Glynwood","silt loam","friable","moderate to very rapid","not described","perched water table in spring","not described","not described","K-115"
382,99,99,16291.3389161,3234176.95971,"well-drained","194 Ozaukee","silt loam","friable","moderate to very rapid","moderate","perched water table in spring","moderately low","34 inches","J-135"
383,99,99,16291.3389161,3234176.95971,"well-drained","194 Ozaukee","silt loam","friable","moderate to very rapid","moderate","perched water table in spring","moderately low","34 inches","K-107"
384,99,99,16291.3389161,3234176.95971,"well-drained","194 Ozaukee","silt loam","friable","moderate to very rapid","moderate","perched water table in spring","moderately low","34 inches","J-133"
385,171,171,2498.15374153,211244.262246,"moderately well-drained","195 Glynwood","silt loam","friable","moderate to very rapid","not described","perched water table in spring","not described","not described","J-121"
386,99,99,16291.3389161,3234176.95971,"well-drained","194 Ozaukee","silt loam","friable","moderate to very rapid","moderate","perched water table in spring","moderately low","34 inches","I-138"
387,169,169,1904.98659501,207459.709796,"moderately well-drained","195 Glynwood","silt loam","friable","moderate to very rapid","not described","perched water table in spring","not described","not described","J-110"
388,175,175,3523.58274305,365901.592608,"well-drained","194 Ozaukee","silt loam","friable","moderate to very rapid","moderate","perched water table in spring","moderately low","34 inches","I-133"
389,172,172,4900.14043464,770265.427855,"poorly drained","23 Blount","silt loam","friable","moderate to very rapid","moderate","1-3' depth during wet season","moderately low","37 inches","I-124"
390,185,185,13497.6099987,2149144.24782,"poorly drained","232 Ashkum","silty clay loam","sticky","moderate to very rapid","high",">1' depth during wet season","high","37 inches","I-117"
391,185,185,13497.6099987,2149144.24782,"poorly drained","232 Ashkum","silty clay loam","sticky","moderate to very rapid","high",">1' depth during wet season","high","37 inches","I-116"
392,165,165,4205.73211001,486861.326537,"poorly drained","23 Blount","silt loam","friable","moderate to very rapid","moderate","1-3' depth during wet season","moderately low","37 inches","I-107"
393,185,185,13497.6099987,2149144.24782,"poorly drained","232 Ashkum","silty clay loam","sticky","moderate to very rapid","high",">1' depth during wet season","high","37 inches","H-115"
394,99,99,16291.3389161,3234176.95971,"well-drained","194 Ozaukee","silt loam","friable","moderate to very rapid","moderate","perched water table in spring","moderately low","34 inches","G-137"
395,172,172,4900.14043464,770265.427855,"poorly drained","23 Blount","silt loam","friable","moderate to very rapid","moderate","1-3' depth during wet season","moderately low","37 inches","G-132"
396,174,174,2662.9168032,393627.831047,"poorly drained","232 Ashkum","silty clay loam","sticky","moderate to very rapid","high",">1' depth during wet season","high","37 inches","G-126"
397,176,176,1032.02278332,46001.6663666,"poorly drained","232 Ashkum","silty clay loam","sticky","moderate to very rapid","high",">1' depth during wet season","high","37 inches","F-134"
398,172,172,4900.14043464,770265.427855,"poorly drained","23 Blount","silt loam","friable","moderate to very rapid","moderate","1-3' depth during wet season","moderately low","37 inches","F-129"
399,173,173,5492.82383245,576336.274567,"poorly drained","298 Beecher","silt loam","friable","slow","moderate","not described","moderate","34 inches","F-122"
400,185,185,13497.6099987,2149144.24782,"poorly drained","232 Ashkum","silty clay loam","sticky","moderate to very rapid","high",">1' depth during wet season","high","37 inches","F-118"
401,185,185,13497.6099987,2149144.24782,"poorly drained","232 Ashkum","silty clay loam","sticky","moderate to very rapid","high",">1' depth during wet season","high","37 inches","F-114"
402,185,185,13497.6099987,2149144.24782,"poorly drained","232 Ashkum","silty clay loam","sticky","moderate to very rapid","high",">1' depth during wet season","high","37 inches","F-113"
403,185,185,13497.6099987,2149144.24782,"poorly drained","232 Ashkum","silty clay loam","sticky","moderate to very rapid","high",">1' depth during wet season","high","37 inches","F-108"
404,165,165,4205.73211001,486861.326537,"poorly drained","23 Blount","silt loam","friable","moderate to very rapid","moderate","1-3' depth during wet season","moderately low","37 inches","F-107"
405,185,185,13497.6099987,2149144.24782,"poorly drained","232 Ashkum","silty clay loam","sticky","moderate to very rapid","high",">1' depth during wet season","high","37 inches","E-111"
406,185,185,13497.6099987,2149144.24782,"poorly drained","232 Ashkum","silty clay loam","sticky","moderate to very rapid","high",">1' depth during wet season","high","37 inches","E-110"
407,185,185,13497.6099987,2149144.24782,"poorly drained","232 Ashkum","silty clay loam","sticky","moderate to very rapid","high",">1' depth during wet season","high","37 inches","E-109"
408,175,175,3523.58274305,365901.592608,"well-drained","194 Ozaukee","silt loam","friable","moderate to very rapid","moderate","perched water table in spring","moderately low","34 inches","D-134"
409,174,174,2662.9168032,393627.831047,"poorly drained","232 Ashkum","silty clay loam","sticky","moderate to very rapid","high",">1' depth during wet season","high","37 inches","D-123"
410,185,185,13497.6099987,2149144.24782,"poorly drained","232 Ashkum","silty clay loam","sticky","moderate to very rapid","high",">1' depth during wet season","high","37 inches","D-117"
411,175,175,3523.58274305,365901.592608,"well-drained","194 Ozaukee","silt loam","friable","moderate to very rapid","moderate","perched water table in spring","moderately low","34 inches","C-136"
412,174,174,2662.9168032,393627.831047,"poorly drained","232 Ashkum","silty clay loam","sticky","moderate to very rapid","high",">1' depth during wet season","high","37 inches","C-125"
413,174,174,2662.9168032,393627.831047,"poorly drained","232 Ashkum","silty clay loam","sticky","moderate to very rapid","high",">1' depth during wet season","high","37 inches","C-123"
414,173,173,5492.82383245,576336.274567,"poorly drained","298 Beecher","silt loam","friable","slow","moderate","not described","moderate","34 inches","C-120"
415,177,177,2487.51601055,181804.311937,"moderately well-drained","195 Glynwood","silt loam","friable","moderate to very rapid","not described","perched water table in spring","not described","not described","B-138"
416,173,173,5492.82383245,576336.274567,"poorly drained","298 Beecher","silt loam","friable","slow","moderate","not described","moderate","34 inches","B-128"
417,174,174,2662.9168032,393627.831047,"poorly drained","232 Ashkum","silty clay loam","sticky","moderate to very rapid","high",">1' depth during wet season","high","37 inches","B-127"
418,175,175,3523.58274305,365901.592608,"well-drained","194 Ozaukee","silt loam","friable","moderate to very rapid","moderate","perched water table in spring","moderately low","34 inches","A-137"
419,175,175,3523.58274305,365901.592608,"well-drained","194 Ozaukee","silt loam","friable","moderate to very rapid","moderate","perched water table in spring","moderately low","34 inches","A-135"
420,173,173,5492.82383245,576336.274567,"poorly drained","298 Beecher","silt loam","friable","slow","moderate","not described","moderate","34 inches","A-133"
421,173,173,5492.82383245,576336.274567,"poorly drained","298 Beecher","silt loam","friable","slow","moderate","not described","moderate","34 inches","A-131"
422,173,173,5492.82383245,576336.274567,"poorly drained","298 Beecher","silt loam","friable","slow","moderate","not described","moderate","34 inches","A-128"
423,173,173,5492.82383245,576336.274567,"poorly drained","298 Beecher","silt loam","friable","slow","moderate","not described","moderate","34 inches","A-126"
424,174,174,2662.9168032,393627.831047,"poorly drained","232 Ashkum","silty clay loam","sticky","moderate to very rapid","high",">1' depth during wet season","high","37 inches","A-124"
425,173,173,5492.82383245,576336.274567,"poorly drained","298 Beecher","silt loam","friable","slow","moderate","not described","moderate","34 inches","A-121"
426,167,167,2197.48957261,272537.724832,"poorly drained","146 Elliott","silt loam","friable","moderate to very rapid","moderate to high","1-3' depth during wet season","high","37 inches","A-116"
427,177,177,2487.51601055,181804.311937,"moderately well-drained","195 Glynwood","silt loam","friable","moderate to very rapid","not described","perched water table in spring","not described","not described","AZ-138"
428,173,173,5492.82383245,576336.274567,"poorly drained","298 Beecher","silt loam","friable","slow","moderate","not described","moderate","34 inches","AZ-133"
429,NA,NA,NA,NA,NA,NA,NA,NA,NA,NA,NA,NA,NA,"HE-136"
430,NA,NA,NA,NA,NA,NA,NA,NA,NA,NA,NA,NA,NA,"HD-147"
431,NA,NA,NA,NA,NA,NA,NA,NA,NA,NA,NA,NA,NA,"HD-146"
432,NA,NA,NA,NA,NA,NA,NA,NA,NA,NA,NA,NA,NA,"HD-143"
433,NA,NA,NA,NA,NA,NA,NA,NA,NA,NA,NA,NA,NA,"HD-142"
434,NA,NA,NA,NA,NA,NA,NA,NA,NA,NA,NA,NA,NA,"HD-135"
435,NA,NA,NA,NA,NA,NA,NA,NA,NA,NA,NA,NA,NA,"HD-134"
436,NA,NA,NA,NA,NA,NA,NA,NA,NA,NA,NA,NA,NA,"HC-144"
437,NA,NA,NA,NA,NA,NA,NA,NA,NA,NA,NA,NA,NA,"HC-142"
438,NA,NA,NA,NA,NA,NA,NA,NA,NA,NA,NA,NA,NA,"HC-135"
439,NA,NA,NA,NA,NA,NA,NA,NA,NA,NA,NA,NA,NA,"HC-130"
440,NA,NA,NA,NA,NA,NA,NA,NA,NA,NA,NA,NA,NA,"HC-126"
441,NA,NA,NA,NA,NA,NA,NA,NA,NA,NA,NA,NA,NA,"HB-146"
442,NA,NA,NA,NA,NA,NA,NA,NA,NA,NA,NA,NA,NA,"HB-143"
443,NA,NA,NA,NA,NA,NA,NA,NA,NA,NA,NA,NA,NA,"HB-141"
444,NA,NA,NA,NA,NA,NA,NA,NA,NA,NA,NA,NA,NA,"HB-138"
445,NA,NA,NA,NA,NA,NA,NA,NA,NA,NA,NA,NA,NA,"HB-136"
446,NA,NA,NA,NA,NA,NA,NA,NA,NA,NA,NA,NA,NA,"HB-131"
447,NA,NA,NA,NA,NA,NA,NA,NA,NA,NA,NA,NA,NA,"HB-129"
448,NA,NA,NA,NA,NA,NA,NA,NA,NA,NA,NA,NA,NA,"HB-126"
449,NA,NA,NA,NA,NA,NA,NA,NA,NA,NA,NA,NA,NA,"HB-125"
450,NA,NA,NA,NA,NA,NA,NA,NA,NA,NA,NA,NA,NA,"HA-147"
451,NA,NA,NA,NA,NA,NA,NA,NA,NA,NA,NA,NA,NA,"HA-132"
452,NA,NA,NA,NA,NA,NA,NA,NA,NA,NA,NA,NA,NA,"HA-127"
453,NA,NA,NA,NA,NA,NA,NA,NA,NA,NA,NA,NA,NA,"HA-124"
454,166,166,3619.36308321,550794.064477,"moderately well-drained","531 Markham","silt loam","friable","moderately slow to slow","moderate","perched water table in spring","moderate","34 inches","C-105"
455,166,166,3619.36308321,550794.064477,"moderately well-drained","531 Markham","silt loam","friable","moderately slow to slow","moderate","perched water table in spring","moderate","34 inches","A-107"
456,166,166,3619.36308321,550794.064477,"moderately well-drained","531 Markham","silt loam","friable","moderately slow to slow","moderate","perched water table in spring","moderate","34 inches","B-109"
457,166,166,3619.36308321,550794.064477,"moderately well-drained","531 Markham","silt loam","friable","moderately slow to slow","moderate","perched water table in spring","moderate","34 inches","C-111"
458,167,167,2197.48957261,272537.724832,"poorly drained","146 Elliott","silt loam","friable","moderate to very rapid","moderate to high","1-3' depth during wet season","high","37 inches","D-113"
459,167,167,2197.48957261,272537.724832,"poorly drained","146 Elliott","silt loam","friable","moderate to very rapid","moderate to high","1-3' depth during wet season","high","37 inches","B-115"
460,79,79,10112.9854329,661614.00812,"poorly drained","232 Ashkum","silty clay loam","sticky","moderate to very rapid","high",">1' depth during wet season","high","37 inches","V-95"
461,44,44,3453.15401034,385566.0985,"moderately well-drained","531 Markham","silt loam","friable","moderately slow to slow","moderate","perched water table in spring","moderate","34 inches","T-77"
462,64,64,7506.69786162,1366595.78359,"well-drained","194 Ozaukee","silt loam","friable","moderate to very rapid","moderate","perched water table in spring","moderately low","34 inches","SS-106"
463,64,64,7506.69786162,1366595.78359,"well-drained","194 Ozaukee","silt loam","friable","moderate to very rapid","moderate","perched water table in spring","moderately low","34 inches","SS-102"
464,64,64,7506.69786162,1366595.78359,"well-drained","194 Ozaukee","silt loam","friable","moderate to very rapid","moderate","perched water table in spring","moderately low","34 inches","RR-99"
465,64,64,7506.69786162,1366595.78359,"well-drained","194 Ozaukee","silt loam","friable","moderate to very rapid","moderate","perched water table in spring","moderately low","34 inches","NN-110"
466,65,65,7161.06109262,840363.306268,"well-drained","194 Ozaukee","silt loam","friable","moderate to very rapid","moderate","perched water table in spring","moderately low","34 inches","OO-116"
467,65,65,7161.06109262,840363.306268,"well-drained","194 Ozaukee","silt loam","friable","moderate to very rapid","moderate","perched water table in spring","moderately low","34 inches","NN-114"
468,64,64,7506.69786162,1366595.78359,"well-drained","194 Ozaukee","silt loam","friable","moderate to very rapid","moderate","perched water table in spring","moderately low","34 inches","LL-110"
469,64,64,7506.69786162,1366595.78359,"well-drained","194 Ozaukee","silt loam","friable","moderate to very rapid","moderate","perched water table in spring","moderately low","34 inches","KK-116"
470,65,65,7161.06109262,840363.306268,"well-drained","194 Ozaukee","silt loam","friable","moderate to very rapid","moderate","perched water table in spring","moderately low","34 inches","KK-119"
471,59,59,4353.51132911,766097.046924,"well-drained","194 Ozaukee","silt loam","friable","moderate to very rapid","moderate","perched water table in spring","moderately low","34 inches","JJ-105"
472,59,59,4353.51132911,766097.046924,"well-drained","194 Ozaukee","silt loam","friable","moderate to very rapid","moderate","perched water table in spring","moderately low","34 inches","LL-102"
473,59,59,4353.51132911,766097.046924,"well-drained","194 Ozaukee","silt loam","friable","moderate to very rapid","moderate","perched water table in spring","moderately low","34 inches","LL-103"
474,59,59,4353.51132911,766097.046924,"well-drained","194 Ozaukee","silt loam","friable","moderate to very rapid","moderate","perched water table in spring","moderately low","34 inches","HH-106"
475,67,67,3301.07568443,303313.609518,"poorly drained","23 Blount","silt loam","friable","moderate to very rapid","moderate","1-3' depth during wet season","moderately low","37 inches","GG-113"
476,68,68,1943.9929173,122093.911102,"well-drained","194 Ozaukee","silt loam","friable","moderate to very rapid","moderate","perched water table in spring","moderately low","34 inches","CC-110"
477,67,67,3301.07568443,303313.609518,"poorly drained","23 Blount","silt loam","friable","moderate to very rapid","moderate","1-3' depth during wet season","moderately low","37 inches","EE-111"
478,190,190,10294.2365702,956366.793907,"poorly drained","232 Ashkum","silty clay loam","sticky","moderate to very rapid","high",">1' depth during wet season","high","37 inches","BB-115"
479,70,70,8114.59792125,1473691.99558,"well-drained","194 Ozaukee","silt loam","friable","moderate to very rapid","moderate","perched water table in spring","moderately low","34 inches","DD-103"
480,97,97,674.795643609,28535.2805765,"very poorly drained","1330 Peotone, wet","silty clay loam","sticky","moderately slow","high","not described","high","not described","Y-121"
480,96,96,1002.4219565,78140.5894187,"very poorly drained","330 Peotone","silty clay loam","sticky","moderately slow to slow","high","<1' depth during wet season","high","not described","Y-121"
481,99,99,16291.3389161,3234176.95971,"well-drained","194 Ozaukee","silt loam","friable","moderate to very rapid","moderate","perched water table in spring","moderately low","34 inches","V-121"
482,99,99,16291.3389161,3234176.95971,"well-drained","194 Ozaukee","silt loam","friable","moderate to very rapid","moderate","perched water table in spring","moderately low","34 inches","O-112"
483,99,99,16291.3389161,3234176.95971,"well-drained","194 Ozaukee","silt loam","friable","moderate to very rapid","moderate","perched water table in spring","moderately low","34 inches","K-109"
484,185,185,13497.6099987,2149144.24782,"poorly drained","232 Ashkum","silty clay loam","sticky","moderate to very rapid","high",">1' depth during wet season","high","37 inches","F-119"
485,185,185,13497.6099987,2149144.24782,"poorly drained","232 Ashkum","silty clay loam","sticky","moderate to very rapid","high",">1' depth during wet season","high","37 inches","F-112"
486,99,99,16291.3389161,3234176.95971,"well-drained","194 Ozaukee","silt loam","friable","moderate to very rapid","moderate","perched water table in spring","moderately low","34 inches","I-109"
487,174,174,2662.9168032,393627.831047,"poorly drained","232 Ashkum","silty clay loam","sticky","moderate to very rapid","high",">1' depth during wet season","high","37 inches","D-125"
488,174,174,2662.9168032,393627.831047,"poorly drained","232 Ashkum","silty clay loam","sticky","moderate to very rapid","high",">1' depth during wet season","high","37 inches","C-127"
489,99,99,16291.3389161,3234176.95971,"well-drained","194 Ozaukee","silt loam","friable","moderate to very rapid","moderate","perched water table in spring","moderately low","34 inches","G-109"
490,67,67,3301.07568443,303313.609518,"poorly drained","23 Blount","silt loam","friable","moderate to very rapid","moderate","1-3' depth during wet season","moderately low","37 inches","HH-112"
491,167,167,2197.48957261,272537.724832,"poorly drained","146 Elliott","silt loam","friable","moderate to very rapid","moderate to high","1-3' depth during wet season","high","37 inches","AY-117"
492,79,79,10112.9854329,661614.00812,"poorly drained","232 Ashkum","silty clay loam","sticky","moderate to very rapid","high",">1' depth during wet season","high","37 inches","S-92"
493,184,184,12848.693755,2568466.49823,"poorly drained","107 Sawmill","silty clay loam","sticky","moderate to very rapid","high","<1' depth during wet season","high","not described","Y-141"
494,162,162,2430.8239729,154876.975321,"well-drained","327 Fox","silt loam","friable","moderate to very rapid","moderate","not described","moderately low","36 inches","AA-141"
495,182,182,2154.29116797,191537.661318,"very poorly drained","1330 Peotone, wet","silty clay loam","sticky","moderately slow","high","not described","high","not described","AY-130"
496,161,161,2730.77825253,380485.49086,"well-drained","327 Fox","silt loam","friable","moderate to very rapid","moderate","not described","moderately low","36 inches","N-142"
497,54,54,11859.3522315,1588701.6106,"well-drained","194 Ozaukee","silt loam","friable","moderate to very rapid","moderate","perched water table in spring","moderately low","34 inches","PP-96"
498,70,70,8114.59792125,1473691.99558,"well-drained","194 Ozaukee","silt loam","friable","moderate to very rapid","moderate","perched water table in spring","moderately low","34 inches","Z-86"
499,98,98,1844.03768098,98011.4706297,"poorly drained","232 Ashkum","silty clay loam","sticky","moderate to very rapid","high",">1' depth during wet season","high","37 inches","W-128"
500,190,190,10294.2365702,956366.793907,"poorly drained","232 Ashkum","silty clay loam","sticky","moderate to very rapid","high",">1' depth during wet season","high","37 inches","Y-115"
