Name_submitted,Name_matched,Author_matched,Overall_score,Taxonomic_status,Accepted_name,Accepted_author,Accepted_family,Source,Warnings,Accepted_name_lsid
??,No suitable matches found.,,0,,,,,, ,
Acalypha rhomboidea,Acalypha rhomboidea,,1,Synonym,Acalypha virginica var. rhomboidea,(Raf.) Cooperr.,Euphorbiaceae,tpl, ,
Acer negundo,Acer negundo,,1,Accepted,Acer negundo,L.,Sapindaceae,tpl;tropicos;usda, ,
Acer nigrum,Acer nigrum,,1,Synonym,Acer saccharum subsp. nigrum,(F.Michx.) Desmarais,Sapindaceae,tpl, ,
Acer platanoides,Acer platanoides,,1,Accepted,Acer platanoides,L.,Sapindaceae,tpl;tropicos;usda, ,
Acer rubrum,Acer rubrum,,1,Accepted,Acer rubrum,L.,Sapindaceae,tpl;tropicos;usda, ,
Acer saccharinum,Acer saccharinum,,1,Accepted,Acer saccharinum,L.,Sapindaceae,tpl;tropicos;usda, ,
Acer saccharum,Acer saccharum,,1,Accepted,Acer saccharum,Marshall,Sapindaceae,tpl;tropicos;usda, ,
Acer sp.,Acer,,0.9,Accepted,Acer,,Sapindaceae,tpl, ,
Acer species,Acer,,0.9,Accepted,Acer,,Sapindaceae,tpl, ,
Achillea millefolium,Achillea millefolium,,1,Accepted,Achillea millefolium,,Asteraceae,tpl, ,
Actaea pachypoda,Actaea pachypoda,,1,Accepted,Actaea pachypoda,Elliott,Ranunculaceae,tpl;tropicos;usda, ,
Actinomeris alternifolia,Actinomeris alternifolia,,1,Synonym,Verbesina alternifolia,(L.) Britton ex Kearney,Asteraceae,gcc, ,urn:lsid:compositae.org:names:DA9F7876-616E-41B8-9E50-B2ACDC944AFE
Aesculus glabra,Aesculus glabra,,1,Accepted,Aesculus glabra,Willd.,Sapindaceae,tpl;tropicos;usda, ,
Aesculus sp.,Aesculus,,0.9,Accepted,Aesculus,,Sapindaceae,tpl;usda, ,
Aesculus species,Aesculus,,0.9,Accepted,Aesculus,,Sapindaceae,tpl;usda, ,
Ageratina altissima,Ageratina altissima,,1,Accepted,Ageratina altissima,(L.) R.M.King & H.Rob.,Asteraceae,gcc, ,urn:lsid:compositae.org:names:7012A206-803B-402D-A008-440403B9B5ED
Agostis alba,Agrostis alba,,0.98,Synonym,Poa nemoralis,L.,Poaceae,tpl;tropicos, ,
Agrimonia gryposepala,Agrimonia gryposepala,,1,Accepted,Agrimonia gryposepala,Wallr.,Rosaceae,tpl;tropicos;usda, ,
Agrimonia pubescens,Agrimonia pubescens,,1,Accepted,Agrimonia pubescens,Wallr.,Rosaceae,tpl;tropicos;usda, ,
Agrimonia sp.,Agrimonia,,0.9,Accepted,Agrimonia,,Rosaceae,tpl;usda, ,
Agrimonia species,Agrimonia,,0.9,Accepted,Agrimonia,,Rosaceae,tpl;usda, ,
Agropyron repens,Agropyron repens,,1,Synonym,Elymus repens,(L.) Gould,Poaceae,tpl, ,
Agrostis alba,Agrostis alba,,1,Synonym,Poa nemoralis,L.,Poaceae,tpl;tropicos, ,
Agrostis sp.,Agrostis,,0.9,Accepted,Agrostis,,Poaceae,tpl;usda, ,
Agrostis species,Agrostis,,0.9,Accepted,Agrostis,,Poaceae,tpl;usda, ,
Agrostis stolonifera,Agrostis stolonifera,,1,Accepted,Agrostis stolonifera,L.,Poaceae,tpl;tropicos;usda, ,
Ailanthus altissima,Ailanthus altissima,,1,Accepted,Ailanthus altissima,(Mill.) Swingle,Simaroubaceae,tpl;tropicos;usda, ,
Alisma subcordatum,Alisma subcordatum,,1,Accepted,Alisma subcordatum,Raf.,Alismataceae,tpl;tropicos;usda, ,
Alliaria petiolata,Alliaria petiolata,,1,Accepted,Alliaria petiolata,(M.Bieb.) Cavara & Grande,Brassicaceae,tpl, ,
Allium canadense,Allium canadense,,1,Accepted,Allium canadense,L.,Amaryllidaceae,tpl;tropicos;usda, ,
Allium cernuum,Allium cernuum,,1,Accepted,Allium cernuum,Roth,Amaryllidaceae,tpl;tropicos;usda, ,
Allium sp.,Allium,,0.9,Accepted,Allium,,Amaryllidaceae,tpl, ,
Allium stellatum,Allium stellatum,,1,Accepted,Allium stellatum,Nutt. ex Ker Gawl.,Amaryllidaceae,tpl;tropicos, ,
Allium tricoccum,Allium tricoccum,,1,Accepted,Allium tricoccum,Aiton,Amaryllidaceae,tpl;tropicos;usda, ,
Allium vineale,Allium vineale,,1,Accepted,Allium vineale,L.,Amaryllidaceae,tpl;tropicos;usda, ,
Alnus species,Alnus,,0.9,Accepted,Alnus,,Betulaceae,tpl, ,
Ambrosia artemisiifolia,Ambrosia artemisiifolia,,1,Accepted,Ambrosia artemisiifolia,L.,Asteraceae,gcc;tropicos;usda, ,urn:lsid:compositae.org:names:5717C1D3-5B5F-4298-95E3-25D4AFE147CE
Ambrosia artemisiifolia elatior,Ambrosia artemisiifolia var. elatior,,0.96,Synonym,Ambrosia artemisiifolia,L.,Asteraceae,gcc;tropicos, ,urn:lsid:compositae.org:names:5717C1D3-5B5F-4298-95E3-25D4AFE147CE
Ambrosia trifida,Ambrosia trifida,,1,Accepted,Ambrosia trifida,L.,Asteraceae,gcc;tropicos;usda, ,urn:lsid:compositae.org:names:A2275973-D61B-486C-9905-0E305DA158A6
Amphicarpaea bracteata,Amphicarpaea bracteata,,1,No opinion,,,,tpl, ,
Andropogon gerardii,Andropogon gerardii,,1,Accepted,Andropogon gerardii,Vitman,Poaceae,tpl;usda, ,
Anemone canadensis,Anemone canadensis,,1,Accepted,Anemone canadensis,L.,Ranunculaceae,tpl;tropicos;usda, ,
Anemone caroliniana,Anemone caroliniana,,1,Accepted,Anemone caroliniana,Walter,Ranunculaceae,tpl;tropicos;usda, ,
Anemone quinquefolia,Anemone quinquefolia,,1,Accepted,Anemone quinquefolia,L.,Ranunculaceae,tpl;tropicos;usda, ,
Anemone species,Anemone,,0.9,Accepted,Anemone,,Ranunculaceae,tpl, ,
Anemone virginiana,Anemone virginiana,,1,Accepted,Anemone virginiana,L.,Ranunculaceae,tpl;tropicos;usda, ,
Anemonella thalictroides,Anemonella thalictroides,,1,Accepted,Anemonella thalictroides,(L.) Spach,Ranunculaceae,tpl, ,
Antennaria plantaginifolia,Antennaria plantaginifolia,,1,Accepted,Antennaria plantaginifolia,(L.) Richardson,Asteraceae,gcc;usda, ,urn:lsid:compositae.org:names:D7EF9F86-0447-45FB-A67E-C4BE7FAABACC
Apocynum cannabinum,Apocynum cannabinum,,1,Accepted,Apocynum cannabinum,L.,Apocynaceae,tpl;tropicos;usda, ,
Apocynum sibiricum,Apocynum sibiricum,,1,Synonym,Apocynum cannabinum,L.,Apocynaceae,tpl, ,
Aquilegia canadensis,Aquilegia canadensis,,1,Accepted,Aquilegia canadensis,L.,Ranunculaceae,tpl;tropicos;usda, ,
Arctium minus,Arctium minus,,1,Accepted,Arctium minus,,Asteraceae,tpl, ,
Arenaria lateriflora,Arenaria lateriflora,,1,Synonym,Moehringia lateriflora,(L.) Fenzl,Caryophyllaceae,tpl;tropicos;usda, ,
Arisaema dracontium,Arisaema dracontium,,1,Accepted,Arisaema dracontium,(L.) Schott,Araceae,tpl;tropicos;usda, ,
Arisaema triphyllum,Arisaema triphyllum,,1,Accepted,Arisaema triphyllum,(L.) Schott,Araceae,tpl;tropicos;usda, ,
Arnoglossum atricipifolia,Arnoglossum,,0.5,No opinion,,,,tpl, [Partial match] ,
Aruncus dioicus pubescens,Aruncus dioicus var. pubescens,,0.96,Accepted,Aruncus dioicus var. pubescens,(Rydb.) Fernald,Rosaceae,tpl;tropicos;usda, ,
Asarum canadense,Asarum canadense,,1,Accepted,Asarum canadense,L.,Aristolochiaceae,tpl;tropicos;usda, ,
Asclepias exaltata,Asclepias exaltata,,1,Accepted,Asclepias exaltata,L.,Apocynaceae,tpl;tropicos;usda, ,
Asclepias incarnata,Asclepias incarnata,,1,Accepted,Asclepias incarnata,L.,Apocynaceae,tpl;tropicos;usda, ,
Asclepias meadii,Asclepias meadii,,1,Accepted,Asclepias meadii,Torr. ex A.Gray,Apocynaceae,tpl, ,
Asclepias syriaca,Asclepias syriaca,,1,Accepted,Asclepias syriaca,L.,Apocynaceae,tpl;tropicos;usda, ,
Asclepias verticillata,Asclepias verticillata,,1,Accepted,Asclepias verticillata,L.,Apocynaceae,tpl;tropicos;usda, ,
Asimina species,Asimina,,0.9,Accepted,Asimina,,Annonaceae,tpl, ,
Asimina triloba,Asimina triloba,,1,Accepted,Asimina triloba,(L.) Dunal,Annonaceae,tpl;tropicos;usda, ,
Asplenium species,Asplenium,,0.9,Accepted,Asplenium,,Aspleniaceae,tpl, ,
Aster lateriflorus,Aster lateriflorus,,1,Synonym,Symphyotrichum lateriflorum,(L.) ç.Lšve & D.Lšve,Asteraceae,gcc, ,urn:lsid:compositae.org:names:FABA6C06-F343-4CEC-AF2B-17DFE6A11170
Aster pilosus,Aster pilosus,,1,Synonym,Symphyotrichum pilosum,(Willd.) G.L.Nesom,Asteraceae,gcc, ,urn:lsid:compositae.org:names:B8851780-07FE-4029-8726-66EFF3A4DCE4
Aster sagittifolius drummondii,Aster sagittifolius var. drummondii,,0.96,Synonym,Symphyotrichum drummondii,(Lindl.) G.L.Nesom,Asteraceae,gcc, ,urn:lsid:compositae.org:names:7E92236A-AF44-4120-8AEE-A4E040BA893F
Aster shortii,Aster shortii,,1,Synonym,Symphyotrichum shortii,(Lindl.) G.L.Nesom,Asteraceae,gcc, ,urn:lsid:compositae.org:names:7E7882FC-95AC-439F-A4BF-A43E23C22D8D
Aster species,Aster,,0.9,Accepted,Aster,,Asteraceae,tpl;usda, ,
Athyrium filix-femina,Athyrium filix-femina,,1,Accepted,Athyrium filix-femina,(L.) Roth,Woodsiaceae,tpl;tropicos;usda, ,
Barbarea vulgaris,Barbarea vulgaris,,1,Accepted,Barbarea vulgaris,R.Br.,Brassicaceae,tpl, ,
Berberis thunbergii,Berberis thunbergii,,1,Accepted,Berberis thunbergii,DC.,Berberidaceae,tpl;tropicos;usda, ,
Bidens aristosa,Bidens aristosa,,1,Accepted,Bidens aristosa,(Michx.) Britton,Asteraceae,gcc;tropicos;usda, ,urn:lsid:compositae.org:names:DD521FAC-B20A-4B11-ADD7-82A437C46230
Bidens cernua,Bidens cernua,,1,Accepted,Bidens cernua,L.,Asteraceae,gcc;tropicos;usda, ,urn:lsid:compositae.org:names:610E2E9B-6131-49F5-B9E4-A18EC11CD44D
Bidens connata,Bidens connata,,1,Accepted,Bidens connata,Muhl. ex Willd.,Asteraceae,gcc;tropicos;usda, ,urn:lsid:compositae.org:names:C1B878A5-7814-43EB-A665-B619C7146FB4
Bidens frondosa,Bidens frondosa,,1,Accepted,Bidens frondosa,L.,Asteraceae,gcc;tropicos;usda, ,urn:lsid:compositae.org:names:37AC0D09-DBDB-4FB1-AFF9-3D06035F0659
Bidens sp.,Bidens,,0.9,No opinion,,,,tpl, ,
Bidens species,Bidens,,0.9,No opinion,,,,tpl, ,
Bidens vulgata,Bidens vulgata,,1,Accepted,Bidens vulgata,Greene,Asteraceae,gcc;tropicos;usda, ,urn:lsid:compositae.org:names:C067BFE1-EE4E-4794-8876-10D6B1AD5D16
Boehmeria cylindrica,Boehmeria cylindrica,,1,Accepted,Boehmeria cylindrica,(L.) Sw.,Urticaceae,tpl;tropicos;usda, ,
Botrychium virginianum,Botrychium virginianum,,1,Accepted,Botrychium virginianum,(L.) Sw.,Ophioglossaceae,tpl;tropicos;usda, ,
Brassica sp.,Brassica,,0.9,Accepted,Brassica,,Brassicaceae,tpl;usda, ,
Brassicaceae family,Brassicaceae,,0.5,Accepted,Brassicaceae,,,tpl;usda, [Partial match] ,
Bromis inermis,Bromus inermis,,0.97,Accepted,Bromus inermis,Leyss.,Poaceae,tpl;tropicos;usda, ,
Bromus inermis,Bromus inermis,,1,Accepted,Bromus inermis,Leyss.,Poaceae,tpl;tropicos;usda, ,
Bromus japonicus,Bromus japonicus,,1,Accepted,Bromus japonicus,Thunb.,Poaceae,tpl, ,
Bromus pubescens,Bromus pubescens,,1,Accepted,Bromus pubescens,Muhl. ex Willd.,Poaceae,tpl;tropicos;usda, ,
Bromus sp.,Bromus,,0.9,Accepted,Bromus,,Poaceae,tpl;usda, ,
Bromus tectorum,Bromus tectorum,,1,Accepted,Bromus tectorum,L.,Poaceae,tpl;tropicos;usda, ,
Cacalia atriplicifolia,Cacalia atriplicifolia,,1,Synonym,Arnoglossum atriplicifolium,(L.) H.Rob.,Asteraceae,gcc, ,urn:lsid:compositae.org:names:60F9EE83-272E-454B-8F57-9194D278CCE0
Calamagrostis canadensis,Calamagrostis canadensis,,1,Accepted,Calamagrostis canadensis,(Michx.) P.Beauv.,Poaceae,tpl, ,
Camassia scilloides,Camassia scilloides,,1,Accepted,Camassia scilloides,(Raf.) Cory,Asparagaceae,tpl;tropicos;usda, ,
Campanula americana,Campanula americana,,1,Accepted,Campanula americana,L.,Campanulaceae,tpl;tropicos, ,
Campanulastrum americanum,Campanulastrum americanum,,1,Synonym,Campanula americana,L.,Campanulaceae,tpl, ,
Cardamine concatenata,Cardamine concatenata,,1,Accepted,Cardamine concatenata,(Michx.) O.Schwarz,Brassicaceae,tpl, ,
Cardamine douglassii,Cardamine douglassii,,1,Accepted,Cardamine douglassii,Britton,Brassicaceae,tropicos;usda, ,
Carex albursina,Carex albursina,,1,Accepted,Carex albursina,E.Sheld.,Cyperaceae,tpl, ,
Carex blanda,Carex blanda,,1,Accepted,Carex blanda,Dewey,Cyperaceae,tpl;tropicos;usda, ,
Carex cephalophora,Carex cephalophora,,1,Accepted,Carex cephalophora,Muhl. ex Willd.,Cyperaceae,tpl;tropicos;usda, ,
Carex cristatella,Carex cristatella,,1,Accepted,Carex cristatella,Britton & A.Br.,Cyperaceae,tpl, ,
Carex granularis,Carex granularis,,1,Accepted,Carex granularis,Muhl. ex Willd.,Cyperaceae,tpl;tropicos;usda, ,
Carex gravida,Carex gravida,,1,Accepted,Carex gravida,L.H.Bailey,Cyperaceae,tpl, ,
Carex grisea,Carex grisea,,1,Accepted,Carex grisea,Wahlenb.,Cyperaceae,tpl;tropicos;usda, ,
Carex hirtifolia,Carex hirtifolia,,1,Accepted,Carex hirtifolia,Mack.,Cyperaceae,tpl;tropicos;usda, ,
Carex hIrtifolia,Carex,,0.9,Accepted,Carex,,Cyperaceae,tpl, ,
Carex jamesii,Carex jamesii,,1,Accepted,Carex jamesii,Schwein.,Cyperaceae,tpl;tropicos;usda, ,
Carex lacustris,Carex lacustris,,1,Accepted,Carex lacustris,Willd.,Cyperaceae,tpl;tropicos;usda, ,
Carex muskingumensis,Carex muskingumensis,,1,Accepted,Carex muskingumensis,Schwein.,Cyperaceae,tpl;tropicos;usda, ,
Carex pensylvanica,Carex pensylvanica,,1,Accepted,Carex pensylvanica,Lam.,Cyperaceae,tpl;tropicos;usda, ,
Carex rosea,Carex rosea,,1,Accepted,Carex rosea,Willd.,Cyperaceae,tpl, ,
Carex sp.,Carex,,0.9,Accepted,Carex,,Cyperaceae,tpl, ,
Carex sparganioides,Carex sparganioides,,1,Accepted,Carex sparganioides,Muhl. ex Willd.,Cyperaceae,tpl;tropicos;usda, ,
Carex species,Carex,,0.9,Accepted,Carex,,Cyperaceae,tpl, ,
Carex tribuloides,Carex tribuloides,,1,Accepted,Carex tribuloides,Wahlenb.,Cyperaceae,tpl;tropicos;usda, ,
Carex vulpinoidea,Carex vulpinoidea,,1,Accepted,Carex vulpinoidea,Michx.,Cyperaceae,tpl;tropicos;usda, ,
Carex woodii,Carex woodii,,1,Accepted,Carex woodii,Dewey,Cyperaceae,tpl;tropicos;usda, ,
Carya cordiformis,Carya cordiformis,,1,Accepted,Carya cordiformis,(Wangenh.) K.Koch,Juglandaceae,tpl, ,
Carya ovata,Carya ovata,,1,Accepted,Carya ovata,(Mill.) K.Koch,Juglandaceae,tpl, ,
Carya sp.,Carya,,0.9,Accepted,Carya,,Juglandaceae,tpl;usda, ,
Carya species,Carya,,0.9,Accepted,Carya,,Juglandaceae,tpl;usda, ,
Caulophyllum thalictroides,Caulophyllum thalictroides,,1,Accepted,Caulophyllum thalictroides,(L.) Michx.,Berberidaceae,tpl;tropicos;usda, ,
Celastrus orbiculatus,Celastrus orbiculatus,,1,Accepted,Celastrus orbiculatus,Thunb.,Celastraceae,tpl;tropicos;usda, ,
Celastrus scandens,Celastrus scandens,,1,Accepted,Celastrus scandens,L.,Celastraceae,tpl;tropicos;usda, ,
Celtis occidentalis,Celtis occidentalis,,1,Accepted,Celtis occidentalis,L.,Cannabaceae,tpl;tropicos;usda, ,
Cerastium sp.,Cerastium,,0.9,Accepted,Cerastium,,Caryophyllaceae,tpl;usda, ,
Cerastium vulgatum,Cerastium vulgatum,,1,Synonym,Cerastium glomeratum,Thuill.,Caryophyllaceae,tpl, ,
Cercis canadensis,Cercis canadensis,,1,Accepted,Cercis canadensis,,Fabaceae,tpl, ,
Chenopodium album,Chenopodium album,,1,Accepted,Chenopodium album,L.,Amaranthaceae,tpl;tropicos;usda, ,
Chenopodium sp.,Chenopodium,,0.9,Accepted,Chenopodium,,Amaranthaceae,tpl, ,
Chrysanthemum leucanthemum,Chrysanthemum leucanthemum,,1,Synonym,Leucanthemum vulgare,(Vaill.) Lam.,Asteraceae,gcc, ,urn:lsid:compositae.org:names:0547E050-E16B-4B8A-AB14-EA90D1AD85EF
Chrysanthemum leucanthemum pinnatifidum,Chrysanthemum leucanthemum var. pinnatifidum,,0.96,Synonym,Leucanthemum vulgare,(Vaill.) Lam.,Asteraceae,gcc, ,urn:lsid:compositae.org:names:0547E050-E16B-4B8A-AB14-EA90D1AD85EF
Cinna arundinacea,Cinna arundinacea,,1,Accepted,Cinna arundinacea,L.,Poaceae,tpl;tropicos;usda, ,
Circaea lutetiana,Circaea lutetiana,,1,Accepted,Circaea lutetiana,L.,Onagraceae,tpl;tropicos;usda, ,
Circaea lutetiana canadensis,Circaea lutetiana subsp. canadensis,,0.96,Accepted,Circaea lutetiana subsp. canadensis,(L.) Asch. & Magnus,Onagraceae,tpl, ,
Cirsium arvense,Cirsium arvense,,1,Accepted,Cirsium arvense,,Asteraceae,tpl, ,
Cirsium sp.,Cirsium,,0.9,Accepted,Cirsium,,Asteraceae,tpl;usda, ,
Cirsium vulgare,Cirsium vulgare,,1,Accepted,Cirsium vulgare,(Savi) Ten.,Asteraceae,gcc;tropicos;usda, ,urn:lsid:compositae.org:names:5501F500-AAE6-4DE1-B349-46F2509573C1
Cladrastis kentukea,Cladrastis kentukea,,1,Accepted,Cladrastis kentukea,(Dum.Cours.)Rudd,Fabaceae,ildis, ,
Cladrastis lutea,Cladrastis lutea,,1,No opinion,,,,tpl, ,
Claytonia virginica,Claytonia virginica,,1,Accepted,Claytonia virginica,L.,Montiaceae,tpl;tropicos;usda, ,
Clematis virginiana,Clematis virginiana,,1,Accepted,Clematis virginiana,L.,Ranunculaceae,tpl;tropicos;usda, ,
Clinopodium vulgare,Clinopodium vulgare,,1,Accepted,Clinopodium vulgare,L.,Lamiaceae,tpl;tropicos;usda, ,
Convolvulus arvensis,Convolvulus arvensis,,1,Accepted,Convolvulus arvensis,L.,Convolvulaceae,tpl;tropicos;usda, ,
Convolvulus sepium,Convolvulus sepium,,1,Synonym,Calystegia sepium,(L.) R. Br.,Convolvulaceae,tpl, ,
Convolvulus sp.,Convolvulus,,0.9,Accepted,Convolvulus,,Convolvulaceae,tpl;usda, ,
Convolvulus species,Convolvulus,,0.9,Accepted,Convolvulus,,Convolvulaceae,tpl;usda, ,
Conyza canadensis,Conyza canadensis,,1,Synonym,Erigeron canadensis,L.,Asteraceae,gcc, ,urn:lsid:compositae.org:names:B89403EB-9178-4ABC-843E-BC0F9A00CD0C
Coreopsis tripteris,Coreopsis tripteris,,1,Accepted,Coreopsis tripteris,L.,Asteraceae,gcc;tropicos;usda, ,urn:lsid:compositae.org:names:D07C8E1C-1750-47DB-A1D1-52A536A2D0E2
Cornus obliqua,Cornus obliqua,,1,Synonym,Cornus amomum subsp. obliqua,(Raf.) J.S.Wilson,Cornaceae,tpl, ,
Cornus racemosa,Cornus racemosa,,1,Accepted,Cornus racemosa,Lam.,Cornaceae,tpl;tropicos;usda, ,
Cornus sp.,Cornus,,0.9,Accepted,Cornus,,Cornaceae,tpl, ,
Coronilla varia,Coronilla varia,,1,Synonym,Securigera varia,(L.)Lassen,Fabaceae,ildis, ,
Crataegus sp.,Crataegus,,0.9,Accepted,Crataegus,,Rosaceae,tpl;usda, ,
Crataegus species,Crataegus,,0.9,Accepted,Crataegus,,Rosaceae,tpl;usda, ,
Cryptotaenia canadensis,Cryptotaenia canadensis,,1,Accepted,Cryptotaenia canadensis,(L.) DC.,Apiaceae,tpl;tropicos;usda, ,
Cystopteris protrusa,Cystopteris protrusa,,1,Accepted,Cystopteris protrusa,(Weath.) Blasdell,Cystopteridaceae,tpl;tropicos;usda, ,
Dactylis glomerata,Dactylis glomerata,,1,Accepted,Dactylis glomerata,L.,Poaceae,tpl;tropicos;usda, ,
Danthonia spicata,Danthonia spicata,,1,Accepted,Danthonia spicata,(L.) Roem. & Schult.,Poaceae,tpl, ,
Daucus carota,Daucus carota,,1,Accepted,Daucus carota,L.,Apiaceae,tpl;tropicos;usda, ,
Desmodium canadense,Desmodium canadense,,1,No opinion,,,,tpl, ,
Desmodium species,Desmodium,,0.9,Accepted,Desmodium,,Fabaceae,tpl;usda, ,
Dicentra cucullaria,Dicentra cucullaria,,1,Accepted,Dicentra cucullaria,(L.) Bernh.,Papaveraceae,tpl;tropicos;usda, ,
Dichanthelium acuminatum,Dichanthelium acuminatum,,1,Synonym,Panicum acuminatum,Sw.,Poaceae,tpl, ,
Dichanthelium sp.,Dichanthelium,,0.9,Accepted,Dichanthelium,,Poaceae,tpl;usda, ,
Dioscorea villosa,Dioscorea villosa,,1,Accepted,Dioscorea villosa,L.,Dioscoreaceae,tpl;tropicos;usda, ,
Dipsacus laciniatus,Dipsacus laciniatus,,1,Accepted,Dipsacus laciniatus,L.,Caprifoliaceae,tpl;tropicos;usda, ,
Dipsacus sp.,Dipsacus,,0.9,Accepted,Dipsacus,,Caprifoliaceae,tpl;usda, ,
Dipsacus sylvestris,Dipsacus sylvestris,,1,Synonym,Dipsacus fullonum,L.,Caprifoliaceae,tpl;tropicos;usda, ,
Dodecatheon meadia,Dodecatheon meadia,,1,Accepted,Dodecatheon meadia,L.,Primulaceae,tpl;tropicos;usda, ,
Duchesnea indica,Duchesnea indica,,1,Accepted,Duchesnea indica,(Jacks.) Focke,Rosaceae,tpl, ,
Echinochloa crusgalli,Echinochloa crusgalli,,1,No opinion,,,,tpl, ,
Echinocystis lobata,Echinocystis lobata,,1,Accepted,Echinocystis lobata,(Michx.) Torr. & A.Gray,Cucurbitaceae,tpl, ,
Ellisia nyctelea,Ellisia nyctelea,,1,Accepted,Ellisia nyctelea,(L.) L.,Boraginaceae,tpl;tropicos;usda, ,
Elymus canadensis,Elymus canadensis,,1,Accepted,Elymus canadensis,L.,Poaceae,tpl;tropicos;usda, ,
Elymus hystrix,Elymus hystrix,,1,Synonym,Elymus elymoides,(Raf.) Swezey,Poaceae,tpl, [Ambiguous match] ,
Elymus repens,Elymus repens,,1,Accepted,Elymus repens,(L.) Gould,Poaceae,tpl;tropicos;usda, ,
Elymus sp.,Elymus,,0.9,Accepted,Elymus,,Poaceae,tpl;usda, ,
Elymus villosus,Elymus villosus,,1,Accepted,Elymus villosus,Muhl. ex Willd.,Poaceae,tpl;tropicos;usda, ,
Elymus virginicus,Elymus virginicus,,1,Accepted,Elymus virginicus,L.,Poaceae,tpl;tropicos;usda, ,
Enemion biternatum,Enemion biternatum,,1,Accepted,Enemion biternatum,(Torr. & A.Gray) Raf.,Ranunculaceae,tpl, ,
Epilobium coloratum,Epilobium coloratum,,1,Accepted,Epilobium coloratum,Biehler,Onagraceae,tpl;tropicos;usda, ,
Epilobium hirsutum,Epilobium hirsutum,,1,Accepted,Epilobium hirsutum,L.,Onagraceae,tpl;tropicos;usda, ,
Equisetum arvense,Equisetum arvense,,1,Accepted,Equisetum arvense,L.,Equisetaceae,tpl;tropicos;usda, ,
Erechtites hieracifolia,Erechtites hieracifolia,,1,Synonym,Erechtites hieraciifolius,(L.) Raf. ex DC.,Asteraceae,usda, ,
Erechtites hieraciifolia,Erechtites hieraciifolia,,1,Synonym,Erechtites hieraciifolius,(L.) Raf. ex DC.,Asteraceae,usda, ,
Erigeron annuus,Erigeron annuus,,1,Accepted,Erigeron annuus,(L.) Desf.,Asteraceae,gcc, ,urn:lsid:compositae.org:names:E79F4735-6B70-4FA4-B590-060AB192A895
Erigeron canadensis,Erigeron canadensis,,1,No opinion,,,,tpl, ,
Erigeron philadelphicus,Erigeron philadelphicus,,1,Accepted,Erigeron philadelphicus,L.,Asteraceae,gcc;tropicos;usda, ,urn:lsid:compositae.org:names:71C46651-4FCA-4CD4-BE9D-C9EAFE03455E
Erigeron sp.,Erigeron,,0.9,Accepted,Erigeron,,Asteraceae,tpl;usda, ,
Erigeron strigosus,Erigeron strigosus,,1,Accepted,Erigeron strigosus,Muhl. ex Willd.,Asteraceae,gcc;tropicos;usda, ,urn:lsid:compositae.org:names:544F044B-AF35-4134-8A19-7FB7C8953270
Erythronium albidum,Erythronium albidum,,1,Accepted,Erythronium albidum,Nutt.,Liliaceae,tpl;tropicos;usda, ,
Euonymus alata,Euonymus alata,,1,Synonym,Euonymus alatus,(Thunb.) Siebold,Celastraceae,usda, ,
Euonymus alatus,Euonymus alatus,,1,Accepted,Euonymus alatus,(Thunb.) Siebold,Celastraceae,tpl;tropicos;usda, ,
Euonymus atropurpureus,Euonymus atropurpureus,,1,Accepted,Euonymus atropurpureus,Jacq.,Celastraceae,tpl;tropicos;usda, ,
Euonymus europaeus,Euonymus europaeus,,1,Accepted,Euonymus europaeus,L.,Celastraceae,tpl;tropicos;usda, ,
Euonymus fortunei,Euonymus fortunei,,1,Accepted,Euonymus fortunei,(Turcz.) Hand.-Mazz.,Celastraceae,tpl;tropicos, ,
Euonymus sp.,Euonymus,,0.9,Accepted,Euonymus,,Celastraceae,tpl, ,
Euonymus species,Euonymus,,0.9,Accepted,Euonymus,,Celastraceae,tpl, ,
Eupatorium altissimum,Eupatorium altissimum,,1,Accepted,Eupatorium altissimum,L.,Asteraceae,gcc;tropicos;usda, ,urn:lsid:compositae.org:names:C33FC1C4-30A3-4C53-8C86-91D4327F94A1
Eupatorium rugosum,Eupatorium rugosum,,1,Synonym,Ageratina altissima,(L.) R.M.King & H.Rob.,Asteraceae,gcc, ,urn:lsid:compositae.org:names:7012A206-803B-402D-A008-440403B9B5ED
Eupatorium serotinum,Eupatorium serotinum,,1,Accepted,Eupatorium serotinum,Michx.,Asteraceae,gcc;tropicos;usda, ,urn:lsid:compositae.org:names:BEE4413F-30AC-4FF8-94B5-C2A9CD9390E4
Eupatorium sp.,Eupatorium,,0.9,Accepted,Eupatorium,,Asteraceae,tpl, ,
Eutrochium maculatum,Eutrochium maculatum,,1,Synonym,Eupatorium maculatum,L.,Asteraceae,gcc, ,urn:lsid:compositae.org:names:62421207-56ED-464A-8559-027CFC368E4A
Eutrochium purpureum,Eutrochium purpureum,,1,Synonym,Eupatorium purpureum,L.,Asteraceae,gcc, ,urn:lsid:compositae.org:names:CD691DD6-8EF3-4FCB-A6E3-DDFF47D0A6B8
Festuca elatior,Festuca elatior,,1,Synonym,Festuca arundinacea,Schreb.,Poaceae,tpl, [Ambiguous match] ,
Festuca sp.,Festuca,,0.9,Accepted,Festuca,,Poaceae,tpl;usda, ,
Festuca species,Festuca,,0.9,Accepted,Festuca,,Poaceae,tpl;usda, ,
Festuca subverticillata,Festuca subverticillata,,1,Accepted,Festuca subverticillata,(Pers.) E.B.Alexeev,Poaceae,tpl, ,
Ficaria verna,Ficaria verna,,1,Accepted,Ficaria verna,Huds.,Ranunculaceae,tpl;tropicos, ,
Floerkea proserpinacoides,Floerkea proserpinacoides,,1,Accepted,Floerkea proserpinacoides,Willd.,Limnanthaceae,tpl;tropicos;usda, ,
Forb species,No suitable matches found.,,0,,,,,, ,
Fragaria vesca americana,Fragaria vesca subsp. americana,,0.96,Accepted,Fragaria vesca subsp. americana,(Porter) Staudt,Rosaceae,tpl;tropicos, ,
Fragaria virginiana,Fragaria virginiana,,1,Accepted,Fragaria virginiana,Mill.,Rosaceae,tpl;tropicos, ,
Fraxinus - Collections,No suitable matches found.,,0,,,,,, ,
Fraxinus americana,Fraxinus americana,,1,Accepted,Fraxinus americana,L.,Oleaceae,tpl;tropicos;usda, ,
Fraxinus pennsylvanica,Fraxinus pennsylvanica,,1,Accepted,Fraxinus pennsylvanica,Marshall,Oleaceae,tpl;tropicos;usda, ,
Fraxinus pennsylvanica subintegerrima,Fraxinus pennsylvanica subsp. subintegerrima,,0.96,Synonym,Fraxinus pennsylvanica,Marshall,Oleaceae,tpl, ,
Fraxinus quadrangulata,Fraxinus quadrangulata,,1,Accepted,Fraxinus quadrangulata,Michx.,Oleaceae,tpl;tropicos;usda, ,
Fraxinus seedling,Fraxinus,,0.5,Accepted,Fraxinus,,Oleaceae,tpl;usda, [Partial match] ,
Fraxinus sp.,Fraxinus,,0.9,Accepted,Fraxinus,,Oleaceae,tpl;usda, ,
Fraxinus species,Fraxinus,,0.9,Accepted,Fraxinus,,Oleaceae,tpl;usda, ,
Galium aparine,Galium aparine,,1,Accepted,Galium aparine,L.,Rubiaceae,tpl;tropicos;usda, ,
Galium asprellum,Galium asprellum,,1,Accepted,Galium asprellum,Michx.,Rubiaceae,tpl;tropicos;usda, ,
Galium circaezans,Galium circaezans,,1,Accepted,Galium circaezans,Michx.,Rubiaceae,tpl;tropicos;usda, ,
Galium concinnum,Galium concinnum,,1,Accepted,Galium concinnum,Torr. & A.Gray,Rubiaceae,tpl, ,
Galium obtusum,Galium obtusum,,1,Accepted,Galium obtusum,Bigelow,Rubiaceae,tpl;tropicos;usda, ,
Galium sp.,Galium,,0.9,Accepted,Galium,,Rubiaceae,tpl, ,
Galium species,Galium,,0.9,Accepted,Galium,,Rubiaceae,tpl, ,
Galium triflorum,Galium triflorum,,1,Accepted,Galium triflorum,Michx.,Rubiaceae,tpl;tropicos;usda, ,
Geranium maculatum,Geranium maculatum,,1,Accepted,Geranium maculatum,L.,Geraniaceae,tpl;tropicos;usda, ,
Geum canadense,Geum canadense,,1,Accepted,Geum canadense,Jacq.,Rosaceae,tpl;tropicos;usda, ,
Geum sp.,Geum,,0.9,Accepted,Geum,,Rosaceae,tpl;usda, ,
Geum vernum,Geum vernum,,1,Accepted,Geum vernum,(Raf.) Torr. & A.Gray,Rosaceae,tpl, ,
Glechoma hederacea,Glechoma hederacea,,1,Accepted,Glechoma hederacea,L.,Lamiaceae,tpl;tropicos;usda, ,
Gleditsia triacanthos,Gleditsia triacanthos,,1,No opinion,,,,tpl, ,
Glyceria striata,Glyceria striata,,1,Accepted,Glyceria striata,(Lam.) Hitchc.,Poaceae,tpl;tropicos;usda, ,
Grass species,Grias,,0.42,Accepted,Grias,,Lecythidaceae,tpl, ,
Gymnocladus dioica,Gymnocladus dioica,,1,Accepted,Gymnocladus dioica,(L.)K.Koch,Fabaceae,ildis, ,
Gymnocladus dioicus,Gymnocladus dioicus,,1,Synonym,Gymnocladus dioica,(L.)K.Koch,Fabaceae,ildis, ,
Hackelia virginiana,Hackelia virginiana,,1,Accepted,Hackelia virginiana,(L.) I.M. Johnst.,Boraginaceae,tpl;tropicos;usda, ,
Hedeoma hispida,Hedeoma hispida,,1,Accepted,Hedeoma hispida,Pursh,Lamiaceae,tpl;tropicos;usda, ,
Helenium autumnale,Helenium autumnale,,1,Accepted,Helenium autumnale,L.,Asteraceae,gcc;tropicos;usda, ,urn:lsid:compositae.org:names:AC4E4C0F-F8B9-440D-B9C1-79E22216D6E1
Helianthus decapetalus,Helianthus decapetalus,,1,Synonym,Helianthus hirsutus,Raf.,Asteraceae,gcc, ,urn:lsid:compositae.org:names:3F53837C-BA62-40B8-9148-BDDB2D43BB6B
Helianthus divaricatus,Helianthus divaricatus,,1,Accepted,Helianthus divaricatus,L.,Asteraceae,gcc;tropicos;usda, ,urn:lsid:compositae.org:names:878D00B3-C22A-4191-81E3-1A7A7341E08E
Helianthus grosseserratus,Helianthus grosseserratus,,1,Accepted,Helianthus grosseserratus,M.Martens,Asteraceae,gcc, ,urn:lsid:compositae.org:names:1BB05916-1F44-408A-88AF-CCD46C498DAF
Helianthus hirsutus,Helianthus hirsutus,,1,Accepted,Helianthus hirsutus,Raf.,Asteraceae,gcc;tropicos;usda, ,urn:lsid:compositae.org:names:3F53837C-BA62-40B8-9148-BDDB2D43BB6B
Helianthus sp.,Helianthus,,0.9,No opinion,,,,tpl, ,
Helianthus species,Helianthus,,0.9,No opinion,,,,tpl, ,
Helianthus strumosus,Helianthus strumosus,,1,Accepted,Helianthus strumosus,L.,Asteraceae,gcc;usda, ,urn:lsid:compositae.org:names:30CC4D06-1E1F-4DEB-8716-31A869A82FA9
Hepatica acutiloba,Hepatica acutiloba,,1,Synonym,Anemone hepatica var. acuta,(Pursh) Pritz.,Ranunculaceae,tpl, ,
Hesperis matronalis,Hesperis matronalis,,1,Accepted,Hesperis matronalis,L.,Brassicaceae,tpl;tropicos;usda, ,
Hickory species,Hickorea,,0.67,No opinion,,,,tropicos, ,
Hordeum jubatum,Hordeum jubatum,,1,Accepted,Hordeum jubatum,L.,Poaceae,tpl;tropicos;usda, ,
Hydrastis canadensis,Hydrastis canadensis,,1,Accepted,Hydrastis canadensis,L.,Ranunculaceae,tpl;tropicos;usda, ,
Hydrophyllum appendiculatum,Hydrophyllum appendiculatum,,1,Accepted,Hydrophyllum appendiculatum,Michx.,Boraginaceae,tpl;tropicos;usda, ,
Hydrophyllum sp.,Hydrophyllum,,0.9,Accepted,Hydrophyllum,,Boraginaceae,tpl;usda, ,
Hydrophyllum virginianum,Hydrophyllum virginianum,,1,Accepted,Hydrophyllum virginianum,L.,Boraginaceae,tpl;tropicos;usda, ,
Hypericum perforatum,Hypericum perforatum,,1,Accepted,Hypericum perforatum,L.,Hypericaceae,tpl;tropicos;usda, ,
Hystrix patula,Hystrix patula,,1,Accepted,Hystrix patula,Moench,Poaceae,tpl, ,
Impatiens capensis,Impatiens capensis,,1,Accepted,Impatiens capensis,Meerb.,Balsaminaceae,tpl;tropicos;usda, ,
Impatiens pallida,Impatiens pallida,,1,Accepted,Impatiens pallida,Nutt.,Balsaminaceae,tpl;tropicos;usda, ,
Impatiens sp.,Impatiens,,0.9,Accepted,Impatiens,,Balsaminaceae,tpl;usda, ,
Impatiens species,Impatiens,,0.9,Accepted,Impatiens,,Balsaminaceae,tpl;usda, ,
Isopyrum biternatum,Isopyrum biternatum,,1,Synonym,Enemion biternatum,(Torr. & A.Gray) Raf.,Ranunculaceae,tpl, ,
Juglans cinerea,Juglans cinerea,,1,Accepted,Juglans cinerea,L.,Juglandaceae,tpl;tropicos;usda, ,
Juglans nigra,Juglans nigra,,1,Accepted,Juglans nigra,L.,Juglandaceae,tpl;tropicos;usda, ,
Juncus dudleyi,Juncus dudleyi,,1,Accepted,Juncus dudleyi,Wiegand,Juncaceae,tpl;tropicos;usda, ,
Juncus sp.,Juncus,,0.9,Accepted,Juncus,,Juncaceae,tpl, ,
Juncus tenuis,Juncus tenuis,,1,Accepted,Juncus tenuis,Willd.,Juncaceae,tpl;tropicos;usda, ,
Juniperus virginiana,Juniperus virginiana,,1,Accepted,Juniperus virginiana,L.,Cupressaceae,tpl;tropicos;usda, ,
Lactuca biennis,Lactuca biennis,,1,Accepted,Lactuca biennis,(Moench) Fernald,Asteraceae,gcc;tropicos;usda, ,urn:lsid:compositae.org:names:52BC438D-2703-4B17-8C86-E3043DDD28E4
Lactuca canadensis,Lactuca canadensis,,1,Accepted,Lactuca canadensis,L.,Asteraceae,gcc;tropicos;usda, ,urn:lsid:compositae.org:names:78EA1369-45E2-4BF6-A890-0112E5399CCC
Lactuca floridana,Lactuca floridana,,1,Accepted,Lactuca floridana,(L.) Gaertn.,Asteraceae,gcc;tropicos;usda, ,urn:lsid:compositae.org:names:BA9168D6-6A21-4BB5-B420-9BCB28FD9471
Lactuca serriola,Lactuca serriola,,1,Accepted,Lactuca serriola,L.,Asteraceae,gcc;tropicos;usda, ,urn:lsid:compositae.org:names:5F860FC7-C156-4EBB-BB51-BA5CA4AC1989
Lactuca sp.,Lactuca,,0.9,No opinion,,,,tpl, ,
Lactuca species,Lactuca,,0.9,No opinion,,,,tpl, ,
Lamium purpureum,Lamium purpureum,,1,Accepted,Lamium purpureum,L.,Lamiaceae,tpl;tropicos;usda, ,
Laportea canadensis,Laportea canadensis,,1,Accepted,Laportea canadensis,(L.) Wedd.,Urticaceae,tpl, ,
Leersia oryzoides,Leersia oryzoides,,1,Accepted,Leersia oryzoides,(L.) Sw.,Poaceae,tpl;tropicos;usda, ,
Leersia virginica,Leersia virginica,,1,Accepted,Leersia virginica,Willd.,Poaceae,tpl;tropicos;usda, ,
Leitneria floridana,Leitneria floridana,,1,Accepted,Leitneria floridana,Chapm.,Simaroubaceae,tpl;tropicos;usda, ,
Lespedeza violacea,Lespedeza violacea,,1,No opinion,,,,tpl, ,
Ligustrum sp.,Ligustrum,,0.9,Accepted,Ligustrum,,Oleaceae,tpl, ,
Ligustrum species,Ligustrum,,0.9,Accepted,Ligustrum,,Oleaceae,tpl, ,
Ligustrum vulgare,Ligustrum vulgare,,1,Accepted,Ligustrum vulgare,L.,Oleaceae,tpl;tropicos;usda, ,
Linaria vulgaris,Linaria vulgaris,,1,Accepted,Linaria vulgaris,Mill.,Plantaginaceae,tpl;tropicos;usda, ,
Liriodendron tulipifera,Liriodendron tulipifera,,1,Accepted,Liriodendron tulipifera,L.,Magnoliaceae,tpl;tropicos;usda, ,
Lobelia inflata,Lobelia inflata,,1,Accepted,Lobelia inflata,L.,Campanulaceae,tpl;tropicos;usda, ,
Lonicera maackii,Lonicera maackii,,1,Accepted,Lonicera maackii,(Rupr.) Maxim.,Caprifoliaceae,tpl;tropicos, ,
Lonicera morrowii,Lonicera morrowii,,1,Synonym,Lonicera tatarica var. morrowii,"(A. Gray) Q. E. Yang, Landrein, Borosova & J. Osborne",Caprifoliaceae,tpl, ,
Lonicera prolifera,Lonicera prolifera,,1,Accepted,Lonicera prolifera,(Kirchner) Booth ex Rehder,Caprifoliaceae,tpl;tropicos, ,
Lonicera reticulata,Lonicera reticulata,,1,Accepted,Lonicera reticulata,Champ.,Caprifoliaceae,tpl;tropicos, ,
Lonicera sp.,Lonicera,,0.9,Accepted,Lonicera,,Caprifoliaceae,tpl, ,
Lonicera species,Lonicera,,0.9,Accepted,Lonicera,,Caprifoliaceae,tpl, ,
Lonicera tatarica,Lonicera tatarica,,1,Accepted,Lonicera tatarica,L.,Caprifoliaceae,tpl;tropicos;usda, ,
Lychnis alba,Lychnis alba,,1,Synonym,Silene latifolia subsp. alba,(Mill.) Greuter & Burdet,Caryophyllaceae,tpl, ,
Lycopus americanus,Lycopus americanus,,1,Accepted,Lycopus americanus,Muhl. ex W.P.C.Barton,Lamiaceae,tpl, ,
Lycopus uniflorus,Lycopus uniflorus,,1,Accepted,Lycopus uniflorus,Michx.,Lamiaceae,tpl;tropicos;usda, ,
Lysimachia ciliata,Lysimachia ciliata,,1,Accepted,Lysimachia ciliata,L.,Primulaceae,tpl;tropicos;usda, ,
Maclura pomifera,Maclura pomifera,,1,Accepted,Maclura pomifera,(Raf.) C.K.Schneid.,Moraceae,tpl, ,
Magnolia acuminata,Magnolia acuminata,,1,Accepted,Magnolia acuminata,(L.) L.,Magnoliaceae,tpl;tropicos;usda, ,
Maianthemum racemosum,Maianthemum racemosum,,1,Accepted,Maianthemum racemosum,(L.) Link,Asparagaceae,tpl;tropicos;usda, ,
Maianthemum stellatum,Maianthemum stellatum,,1,Accepted,Maianthemum stellatum,(L.) Link,Asparagaceae,tpl;tropicos;usda, ,
Maiathemum sp.,Maianthemum,,0.87,Accepted,Maianthemum,,Asparagaceae,tpl, ,
Malus pumila,Malus pumila,,1,Accepted,Malus pumila,Mill.,Rosaceae,tpl;tropicos;usda, ,
Malus sieboldii,Malus sieboldii,,1,Accepted,Malus sieboldii,(Regel) Rehder,Rosaceae,tpl;tropicos, ,
Malus sp.,Malus,,0.9,Accepted,Malus,,Rosaceae,tpl;usda, ,
Malus species,Malus,,0.9,Accepted,Malus,,Rosaceae,tpl;usda, ,
Medicago sativa,Medicago sativa,,1,No opinion,,,,tpl, ,
Melilotus alba,Melilotus alba,,1,Synonym,Melilotus officinalis subsp. alba,(Medik.)H.Ohashi & Tateishi,Fabaceae,ildis, [Ambiguous match] ,
Melilotus officinalis,Melilotus officinalis,,1,No opinion,,,,tpl, ,
Melilotus sp.,Melilotus,,0.9,Accepted,Melilotus,,Fabaceae,tpl;usda, ,
Menispermum canadense,Menispermum canadense,,1,Accepted,Menispermum canadense,L.,Menispermaceae,tpl;tropicos;usda, ,
Mertensia virginica,Mertensia virginica,,1,Accepted,Mertensia virginica,(L.) Pers. ex Link,Boraginaceae,tpl;tropicos;usda, ,
Mint species,Mina,,0.67,No opinion,,,,tpl, ,
Monarda fistulosa,Monarda fistulosa,,1,Accepted,Monarda fistulosa,L.,Lamiaceae,tpl;tropicos;usda, ,
Morus alba,Morus alba,,1,Accepted,Morus alba,L.,Moraceae,tpl;tropicos;usda, ,
Morus rubra,Morus rubra,,1,Accepted,Morus rubra,L.,Moraceae,tpl;tropicos;usda, ,
No herbaceous,No suitable matches found.,,0,,,,,, ,
No Herbaceous,No suitable matches found.,,0,,,,,, ,
No shrubs/seedlings,No suitable matches found.,,0,,,,,, ,
No trees,No suitable matches found.,,0,,,,,, ,
NONE,Nonea,,0.86,Accepted,Nonea,,Boraginaceae,tpl;usda, ,
Onoclea sensibilis,Onoclea sensibilis,,1,Accepted,Onoclea sensibilis,L.,Onocleaceae,tpl;tropicos;usda, ,
Osmorhiza claytonii,Osmorhiza claytonii,,1,Synonym,Osmorhiza aristata var. aristata,,Apiaceae,tpl, ,
Osmorhiza longistylis,Osmorhiza longistylis,,1,Accepted,Osmorhiza longistylis,(Torr.) DC.,Apiaceae,tpl;tropicos;usda, ,
Osmorhiza sp.,Osmorhiza,,0.9,Accepted,Osmorhiza,,Apiaceae,tpl;usda, ,
Osmunda claytoniana,Osmunda claytoniana,,1,Accepted,Osmunda claytoniana,L.,Osmundaceae,tpl;tropicos;usda, ,
Ostrya virginiana,Ostrya virginiana,,1,Accepted,Ostrya virginiana,(Mill.) K.Koch,Betulaceae,tpl, ,
Oxalis europaea,Oxalis europaea,,1,Synonym,Oxalis stricta,L.,Oxalidaceae,tpl;tropicos;usda, ,
Oxalis sp.,Oxalis,,0.9,Accepted,Oxalis,,Oxalidaceae,tpl, ,
Oxalis stricta,Oxalis stricta,,1,Accepted,Oxalis stricta,L.,Oxalidaceae,tpl;tropicos;usda, ,
Packera sp.,Packera,,0.9,Accepted,Packera,,Asteraceae,tpl;usda, ,
Panicum implicatum,Panicum implicatum,,1,Synonym,Panicum acuminatum,Sw.,Poaceae,tpl, ,
Panicum sp.,Panicum,,0.9,Accepted,Panicum,,Poaceae,tpl;usda, ,
Panicum species,Panicum,,0.9,Accepted,Panicum,,Poaceae,tpl;usda, ,
Panicum spretum,Panicum spretum,,1,Synonym,Panicum acuminatum,Sw.,Poaceae,tpl, ,
Parthenocissus quinquefolia,Parthenocissus quinquefolia,,1,Accepted,Parthenocissus quinquefolia,(L.) Planch.,Vitaceae,tpl;tropicos;usda, ,
Parthenocissus sp.,Parthenocissus,,0.9,Accepted,Parthenocissus,,Vitaceae,tpl;usda, ,
Pastinaca sativa,Pastinaca sativa,,1,Accepted,Pastinaca sativa,L.,Apiaceae,tpl;tropicos;usda, ,
Penstemon digitalis,Penstemon digitalis,,1,Accepted,Penstemon digitalis,Nutt. ex Sims,Plantaginaceae,tpl;tropicos;usda, ,
Penthorum sedoides,Penthorum sedoides,,1,Accepted,Penthorum sedoides,L.,Penthoraceae,tpl;tropicos;usda, ,
Persicaria coccinea,Persicaria coccinea,,1,Synonym,Persicaria amphibia,(L.) Delarbre,Polygonaceae,tpl, ,
Persicaria punctata,Persicaria punctata,,1,Accepted,Persicaria punctata,(Elliott) Small,Polygonaceae,tpl, ,
Phalaris arundinacea,Phalaris arundinacea,,1,Accepted,Phalaris arundinacea,L.,Poaceae,tpl;tropicos;usda, ,
Phellodendron amurense,Phellodendron amurense,,1,Accepted,Phellodendron amurense,Rupr.,Rutaceae,tpl;tropicos;usda, ,
Phleum pratense,Phleum pratense,,1,Accepted,Phleum pratense,L.,Poaceae,tpl;tropicos;usda, ,
Phlox divaricata,Phlox divaricata,,1,Accepted,Phlox divaricata,L.,Polemoniaceae,tpl;tropicos;usda, ,
Phragmites australis,Phragmites australis,,1,Accepted,Phragmites australis,(Cav.) Trin. ex Steud.,Poaceae,tpl;tropicos;usda, ,
Phryma leptostachya,Phryma leptostachya,,1,Accepted,Phryma leptostachya,L.,Phrymaceae,tpl;tropicos;usda, ,
Physalis species,Physalis,,0.9,Accepted,Physalis,,Solanaceae,tpl, ,
Physalis virginiana,Physalis virginiana,,1,Accepted,Physalis virginiana,Mill.,Solanaceae,tpl;tropicos;usda, ,
Phytolacca americana,Phytolacca americana,,1,Accepted,Phytolacca americana,L.,Phytolaccaceae,tpl;tropicos;usda, ,
Picea abies,Picea abies,,1,Accepted,Picea abies,(L.) H.Karst.,Pinaceae,tpl, ,
Picea sp.,Picea,,0.9,Accepted,Picea,,Pinaceae,tpl;usda, ,
Picea species,Picea,,0.9,Accepted,Picea,,Pinaceae,tpl;usda, ,
Pilea pumila,Pilea pumila,,1,Accepted,Pilea pumila,(L.) A. Gray,Urticaceae,tpl;tropicos;usda, ,
Pinus banksiana,Pinus banksiana,,1,Accepted,Pinus banksiana,Lamb.,Pinaceae,tpl;tropicos;usda, ,
Pinus resinosa,Pinus resinosa,,1,Accepted,Pinus resinosa,Aiton,Pinaceae,tpl;usda, ,
Pinus sp.,Pinus,,0.9,Accepted,Pinus,,Pinaceae,tpl, ,
Plantago lanceolata,Plantago lanceolata,,1,Accepted,Plantago lanceolata,L.,Plantaginaceae,tpl;tropicos;usda, ,
Plantago major,Plantago major,,1,Accepted,Plantago major,L.,Plantaginaceae,tpl;tropicos;usda, ,
Plantago rugelii,Plantago rugelii,,1,Accepted,Plantago rugelii,Decne.,Plantaginaceae,tpl;tropicos;usda, ,
Poa compressa,Poa compressa,,1,Accepted,Poa compressa,L.,Poaceae,tpl;tropicos;usda, ,
Poa palustris,Poa palustris,,1,Accepted,Poa palustris,L.,Poaceae,tpl;tropicos;usda, ,
Poa pratensis,Poa pratensis,,1,Accepted,Poa pratensis,L.,Poaceae,tpl;tropicos;usda, ,
Poa sp.,Poa,,0.9,Accepted,Poa,,Poaceae,tpl;usda, ,
Poa species,Poa,,0.9,Accepted,Poa,,Poaceae,tpl;usda, ,
Podophyllum peltatum,Podophyllum peltatum,,1,Accepted,Podophyllum peltatum,L.,Berberidaceae,tpl;tropicos;usda, ,
Polemonium reptans,Polemonium reptans,,1,Accepted,Polemonium reptans,L.,Polemoniaceae,tpl;tropicos;usda, ,
Polygonatum biflorum,Polygonatum biflorum,,1,Accepted,Polygonatum biflorum,(Walter) Elliott,Asparagaceae,tpl;tropicos;usda, ,
Polygonatum canaliculatum,Polygonatum canaliculatum,,1,Synonym,Polygonatum biflorum,(Walter) Elliott,Asparagaceae,tpl, [Ambiguous match] ,
Polygonum convolvulus,Polygonum convolvulus,,1,Synonym,Fallopia convolvulus,(L.) ç.Lšve,Polygonaceae,tpl, ,
Polygonum hydropiper,Polygonum hydropiper,,1,Synonym,Persicaria hydropiper,(L.) Delarbre,Polygonaceae,tpl, ,
Polygonum lapathifolium,Polygonum lapathifolium,,1,Synonym,Persicaria lapathifolia,(L.) Delarbre,Polygonaceae,tpl, ,
Polygonum pensylvanicum,Polygonum pensylvanicum,,1,Synonym,Persicaria bungeana,(Turcz.) Nakai,Polygonaceae,tpl;tropicos, [Ambiguous match] ,
Polygonum punctatum,Polygonum punctatum,,1,Synonym,Persicaria punctata,(Elliott) Small,Polygonaceae,tpl, ,
Polygonum scandens,Polygonum scandens,,1,Synonym,Fallopia scandens,(L.) Holub,Polygonaceae,tpl, ,
Polygonum sp.,Polygonum,,0.9,Accepted,Polygonum,,Polygonaceae,tpl, ,
Polygonum species,Polygonum,,0.9,Accepted,Polygonum,,Polygonaceae,tpl, ,
Polygonum virginianum,Polygonum virginianum,,1,Accepted,Polygonum virginianum,L.,Polygonaceae,tpl;tropicos;usda, ,
Polypodium virginianum,Polypodium virginianum,,1,Accepted,Polypodium virginianum,L.,Polypodiaceae,tpl;tropicos;usda, ,
Polystichum acrostichoides,Polystichum acrostichoides,,1,Accepted,Polystichum acrostichoides,(Michx.) Schott,Dryopteridaceae,tpl;tropicos;usda, ,
Populus alba,Populus alba,,1,Accepted,Populus alba,L.,Salicaceae,tpl;tropicos;usda, ,
Populus deltoides,Populus deltoides,,1,Accepted,Populus deltoides,Marshall,Salicaceae,tpl, ,
Populus grandidentata,Populus grandidentata,,1,Accepted,Populus grandidentata,Michx.,Salicaceae,tpl;tropicos;usda, ,
Populus species,Populus,,0.9,Accepted,Populus,,Salicaceae,tpl, ,
Potentilla norvegica,Potentilla norvegica,,1,Accepted,Potentilla norvegica,L.,Rosaceae,tpl;tropicos;usda, ,
Potentilla recta,Potentilla recta,,1,Accepted,Potentilla recta,L.,Rosaceae,tpl;tropicos;usda, ,
Potentilla simplex,Potentilla simplex,,1,Accepted,Potentilla simplex,Michx.,Rosaceae,tpl;tropicos;usda, ,
Prenanthes alba,Prenanthes alba,,1,Synonym,Nabalus albus,(L.) Hook.,Asteraceae,gcc, ,urn:lsid:compositae.org:names:51B513BC-2DE0-44D7-BB79-D5D87E1DC1E3
Prenanthes crepidinea,Prenanthes crepidinea,,1,Synonym,Nabalus crepidineus,(Michx.) DC.,Asteraceae,gcc, ,urn:lsid:compositae.org:names:D745440D-8FC6-40B1-A429-217704EC3B4F
Prenanthes species,Prenanthes,,0.9,No opinion,,,,tpl, ,
Prunella vulgaris,Prunella vulgaris,,1,Accepted,Prunella vulgaris,L.,Lamiaceae,tpl;tropicos;usda, ,
Prunella vulgaris lanceolata,Prunella vulgaris subsp. lanceolata,,0.96,Accepted,Prunella vulgaris subsp. lanceolata,(W.P.C.Barton) Piper & Beattie,Lamiaceae,tpl, ,
Prunus americana,Prunus americana,,1,Accepted,Prunus americana,Marshall,Rosaceae,tpl;tropicos;usda, ,
Prunus serotina,Prunus serotina,,1,Accepted,Prunus serotina,Ehrh.,Rosaceae,tpl;tropicos;usda, ,
Prunus sp.,Prunus,,0.9,Accepted,Prunus,,Rosaceae,tpl, ,
Prunus species,Prunus,,0.9,Accepted,Prunus,,Rosaceae,tpl, ,
Prunus virginiana,Prunus virginiana,,1,Accepted,Prunus virginiana,L.,Rosaceae,tpl;tropicos;usda, ,
Pseudotsuga menziesii,Pseudotsuga menziesii,,1,Accepted,Pseudotsuga menziesii,(Mirb.) Franco,Pinaceae,tpl;tropicos;usda, ,
Ptelea trifoliata,Ptelea trifoliata,,1,Accepted,Ptelea trifoliata,L.,Rutaceae,tpl;tropicos;usda, ,
Pyrus calleryana,Pyrus calleryana,,1,Accepted,Pyrus calleryana,Decne.,Rosaceae,tpl;tropicos;usda, ,
Quercus alba,Quercus alba,,1,Accepted,Quercus alba,L.,Fagaceae,tpl;tropicos;usda, ,
Quercus bicolor,Quercus bicolor,,1,Accepted,Quercus bicolor,Willd.,Fagaceae,tpl;tropicos;usda, ,
Quercus coccinea,Quercus coccinea,,1,Accepted,Quercus coccinea,MŸnchh.,Fagaceae,tpl;tropicos;usda, ,
Quercus ellipsoidalis,Quercus ellipsoidalis,,1,Accepted,Quercus ellipsoidalis,E.J.Hill,Fagaceae,tpl, ,
Quercus macrocarpa,Quercus macrocarpa,,1,Accepted,Quercus macrocarpa,Michx.,Fagaceae,tpl;tropicos;usda, ,
Quercus palustris,Quercus palustris,,1,Accepted,Quercus palustris,MŸnchh.,Fagaceae,tpl;tropicos;usda, ,
Quercus rubra,Quercus rubra,,1,Accepted,Quercus rubra,L.,Fagaceae,tpl;tropicos;usda, ,
Quercus sp.,Quercus,,0.9,Accepted,Quercus,,Fagaceae,tpl, ,
Quercus species,Quercus,,0.9,Accepted,Quercus,,Fagaceae,tpl, ,
Quercus velutina,Quercus velutina,,1,Accepted,Quercus velutina,Lam.,Fagaceae,tpl;tropicos;usda, ,
Ranunculus abortivus,Ranunculus abortivus,,1,Accepted,Ranunculus abortivus,L.,Ranunculaceae,tpl;tropicos;usda, ,
Ranunculus hispidus,Ranunculus hispidus,,1,Accepted,Ranunculus hispidus,Michx.,Ranunculaceae,tpl;tropicos;usda, ,
Ranunculus pensylvanicus,Ranunculus pensylvanicus,,1,Accepted,Ranunculus pensylvanicus,L. f.,Ranunculaceae,tpl;tropicos;usda, ,
Ranunculus recurvatus,Ranunculus recurvatus,,1,Accepted,Ranunculus recurvatus,Poir.,Ranunculaceae,tpl;tropicos;usda, ,
Ranunculus sp.,Ranunculus,,0.9,Accepted,Ranunculus,,Ranunculaceae,tpl;usda, ,
Ranunculus species,Ranunculus,,0.9,Accepted,Ranunculus,,Ranunculaceae,tpl;usda, ,
Ratibida pinnata,Ratibida pinnata,,1,Accepted,Ratibida pinnata,(Vent.) Barnhart,Asteraceae,gcc;tropicos;usda, ,urn:lsid:compositae.org:names:1264B8E7-89E2-44D7-8E91-719554DC535F
Rhamnus carthartica,Rhamnus cathartica,,0.99,Accepted,Rhamnus cathartica,L.,Rhamnaceae,tpl;tropicos;usda, ,
Rhamnus cathartica,Rhamnus cathartica,,1,Accepted,Rhamnus cathartica,L.,Rhamnaceae,tpl;tropicos;usda, ,
Rhamnus frangula,Rhamnus frangula,,1,Synonym,Frangula alnus,Mill.,Rhamnaceae,tpl, ,
Rhamnus species,Rhamnus,,0.9,Accepted,Rhamnus,,Rhamnaceae,tpl, ,
Rhus glabra,Rhus glabra,,1,Accepted,Rhus glabra,L.,Anacardiaceae,tpl;tropicos;usda, ,
Rhus radicans,Rhus radicans,,1,Synonym,Toxicodendron radicans,(L.) Kuntze,Anacardiaceae,tpl;tropicos, ,
Rhus typhina,Rhus typhina,,1,Accepted,Rhus typhina,L.,Anacardiaceae,tpl;tropicos;usda, ,
Ribes americanum,Ribes americanum,,1,Accepted,Ribes americanum,Mill.,Grossulariaceae,tpl;tropicos;usda, ,
Ribes cynosbati,Ribes cynosbati,,1,Accepted,Ribes cynosbati,L.,Grossulariaceae,tpl;tropicos;usda, ,
Ribes missouriense,Ribes missouriense,,1,Accepted,Ribes missouriense,Nutt.,Grossulariaceae,tpl;tropicos;usda, ,
Ribes sp.,Ribes,,0.9,Accepted,Ribes,,Grossulariaceae,tpl;usda, ,
Ribes species,Ribes,,0.9,Accepted,Ribes,,Grossulariaceae,tpl;usda, ,
Robinia pseudoacacia,Robinia pseudoacacia,,1,Accepted,Robinia pseudoacacia,,Fabaceae,tpl, ,
Robinia pseudocacia,Robinia pseudoacacia,,0.99,Accepted,Robinia pseudoacacia,,Fabaceae,tpl, ,
Rosa carolina,Rosa carolina,,1,Accepted,Rosa carolina,L.,Rosaceae,tpl;tropicos;usda, ,
Rosa multiflora,Rosa multiflora,,1,Accepted,Rosa multiflora,Thunb.,Rosaceae,tpl;tropicos;usda, ,
Rosa sp.,Rosa,,0.9,Accepted,Rosa,,Rosaceae,tpl;usda, ,
Rosa species,Rosa,,0.9,Accepted,Rosa,,Rosaceae,tpl;usda, ,
rttf,Ruta,,0.5,Accepted,Ruta,,Rutaceae,tpl;usda, ,
Rubus allegheniensis,Rubus allegheniensis,,1,Accepted,Rubus allegheniensis,Porter,Rosaceae,tpl;tropicos;usda, ,
Rubus idaeus strigosus,Rubus idaeus subsp. strigosus,,0.96,Accepted,Rubus idaeus subsp. strigosus,(Michx.) Focke,Rosaceae,tpl, ,
Rubus occidentalis,Rubus occidentalis,,1,Accepted,Rubus occidentalis,L.,Rosaceae,tpl;tropicos;usda, ,
Rubus sp.,Rubus,,0.9,Accepted,Rubus,,Rosaceae,tpl;usda, ,
Rubus species,Rubus,,0.9,Accepted,Rubus,,Rosaceae,tpl;usda, ,
Rubus strigosus,Rubus strigosus,,1,Synonym,Rubus idaeus subsp. strigosus,(Michx.) Focke,Rosaceae,tpl, ,
Rudbeckia hirta,Rudbeckia hirta,,1,Accepted,Rudbeckia hirta,L.,Asteraceae,gcc;tropicos;usda, ,urn:lsid:compositae.org:names:14D180B7-3E38-4452-B033-D5E649D6F7F6
Rumex crispus,Rumex crispus,,1,Accepted,Rumex crispus,L.,Polygonaceae,tpl;tropicos;usda, ,
Rumex orbiculatus,Rumex orbiculatus,,1,Synonym,Rumex britannica,L.,Polygonaceae,tpl, ,
Rumex sp.,Rumex,,0.9,Accepted,Rumex,,Polygonaceae,tpl;usda, ,
Sagittaria latifolia,Sagittaria latifolia,,1,Accepted,Sagittaria latifolia,Willd.,Alismataceae,tpl;tropicos;usda, ,
Salix amygdaloides,Salix amygdaloides,,1,Accepted,Salix amygdaloides,Andersson,Salicaceae,tpl;tropicos;usda, ,
Salix interior,Salix interior,,1,Accepted,Salix interior,Rowlee,Salicaceae,tpl;tropicos;usda, ,
Salix nigra,Salix nigra,,1,Accepted,Salix nigra,Marshall,Salicaceae,tpl;tropicos;usda, ,
Salix sp.,Salix,,0.9,Accepted,Salix,,Salicaceae,tpl;usda, ,
Sambucus canadensis,Sambucus canadensis,,1,Accepted,Sambucus canadensis,L.,Adoxaceae,tpl;tropicos, ,
Sanguinaria canadensis,Sanguinaria canadensis,,1,Accepted,Sanguinaria canadensis,L.,Papaveraceae,tpl;tropicos;usda, ,
Sanicula canadensis,Sanicula canadensis,,1,Accepted,Sanicula canadensis,L.,Apiaceae,tpl;tropicos;usda, ,
Sanicula odorata,Sanicula odorata,,1,Accepted,Sanicula odorata,(Raf.) Pryer & Phillippe,Apiaceae,tpl;tropicos, ,
Sanicula sp.,Sanicula,,0.9,Accepted,Sanicula,,Apiaceae,tpl;usda, ,
Schedonorus pratensis,Schedonorus pratensis,,1,Synonym,Festuca pratensis,Huds.,Poaceae,tpl, ,
Schizachyrium scoparium,Schizachyrium scoparium,,1,Accepted,Schizachyrium scoparium,(Michx.) Nash,Poaceae,tpl;tropicos;usda, ,
Scirpus atrovirens,Scirpus atrovirens,,1,Accepted,Scirpus atrovirens,Willd.,Cyperaceae,tpl;tropicos;usda, ,
Scirpus fluviatilis,Scirpus fluviatilis,,1,Synonym,Bolboschoenus fluviatilis,(Torr.) Soj‡k,Cyperaceae,tpl, ,
Scirpus species,Scirpus,,0.9,Accepted,Scirpus,,Cyperaceae,tpl, ,
Scrophularia marilandica,Scrophularia marilandica,,1,Accepted,Scrophularia marilandica,L.,Scrophulariaceae,tpl;tropicos;usda, ,
Scrophularia species,Scrophularia,,0.9,Accepted,Scrophularia,,Scrophulariaceae,tpl, ,
Scutellaria galericulata,Scutellaria galericulata,,1,Accepted,Scutellaria galericulata,L.,Lamiaceae,tpl;tropicos;usda, ,
Scutellaria lateriflora,Scutellaria lateriflora,,1,Accepted,Scutellaria lateriflora,L.,Lamiaceae,tpl;tropicos;usda, ,
Securigera varia,Securigera varia,,1,Accepted,Securigera varia,(L.)Lassen,Fabaceae,ildis, ,
Sedge species,Sedum,,0.42,Accepted,Sedum,,Crassulaceae,tpl;usda, ,
Setaria faberi,Setaria faberi,,1,Accepted,Setaria faberi,R.A.W.Herrm.,Poaceae,tpl, ,
Setaria sp.,Setaria,,0.9,Accepted,Setaria,,Poaceae,tpl;usda, ,
Setaria species,Setaria,,0.9,Accepted,Setaria,,Poaceae,tpl;usda, ,
Shrub species,No suitable matches found.,,0,,,,,, ,
Silphium integrifolium,Silphium integrifolium,,1,Accepted,Silphium integrifolium,Michx.,Asteraceae,gcc;tropicos;usda, ,urn:lsid:compositae.org:names:582A5B57-8E16-412F-A042-A4399CD2FA40
Silphium laciniatum,Silphium laciniatum,,1,Accepted,Silphium laciniatum,L.,Asteraceae,gcc;tropicos;usda, ,urn:lsid:compositae.org:names:3D90A87D-8528-4E5F-A386-6B1FF1840600
Sium suave,Sium suave,,1,Accepted,Sium suave,Walter,Apiaceae,tpl;tropicos;usda, ,
Smilacina racemosa,Smilacina racemosa,,1,Synonym,Maianthemum racemosum,(L.) Link,Asparagaceae,tpl, ,
Smilacina species,Smilacina,,0.9,No opinion,,,,tpl, [Ambiguous match] ,
Smilax ecirrhata,Smilax ecirrhata,,1,Accepted,Smilax ecirrhata,(Engelm. ex Kunth) S.Watson,Smilacaceae,tpl, ,
Smilax hispida,Smilax hispida,,1,Synonym,Smilax tamnoides,L.,Smilacaceae,tpl;tropicos;usda, ,
Smilax illinoensis,Smilax illinoensis,,1,Accepted,Smilax illinoensis,Mangaly,Smilacaceae,tpl;tropicos;usda, ,
Smilax lasioneura,Smilax lasioneura,,1,Accepted,Smilax lasioneura,Hook.,Smilacaceae,tpl;tropicos;usda, ,
Smilax sp.,Smilax,,0.9,Accepted,Smilax,,Smilacaceae,tpl, ,
Smilax species,Smilax,,0.9,Accepted,Smilax,,Smilacaceae,tpl, ,
Smilax tamnoides hispida,Smilax tamnoides var. hispida,,0.96,Synonym,Smilax tamnoides,L.,Smilacaceae,tpl, ,
Solanum americanum,Solanum americanum,,1,Accepted,Solanum americanum,Mill.,Solanaceae,tpl;tropicos;usda, ,
Solanum carolinense,Solanum carolinense,,1,Accepted,Solanum carolinense,L.,Solanaceae,tpl;tropicos;usda, ,
Solanum dulcamara,Solanum dulcamara,,1,Accepted,Solanum dulcamara,L.,Solanaceae,tpl;tropicos;usda, ,
Solanum species,Solanum,,0.9,Accepted,Solanum,,Solanaceae,tpl, ,
Solidago canadensis,Solidago canadensis,,1,Accepted,Solidago canadensis,L.,Asteraceae,gcc;tropicos;usda, ,urn:lsid:compositae.org:names:B734D161-8EB6-4443-A428-20E34D7DA8EC
Solidago flexicaulis,Solidago flexicaulis,,1,Accepted,Solidago flexicaulis,L.,Asteraceae,gcc;tropicos;usda, ,urn:lsid:compositae.org:names:FCBB4948-4FCD-45D2-897E-D6A5745D37FB
Solidago gigantea,Solidago gigantea,,1,Accepted,Solidago gigantea,Aiton,Asteraceae,gcc;tropicos;usda, ,urn:lsid:compositae.org:names:830E56C9-8DEC-4A8C-B9C6-8655463ACDEF
Solidago graminifolia,Solidago graminifolia,,1,Synonym,Euthamia graminifolia,(L.) Nutt.,Asteraceae,gcc, ,urn:lsid:compositae.org:names:12EE212B-DCC8-4BE4-B219-C1F7256F7C6A
Solidago nemoralis,Solidago nemoralis,,1,Accepted,Solidago nemoralis,Aiton,Asteraceae,gcc;tropicos;usda, ,urn:lsid:compositae.org:names:F94F0F34-FBD2-48C0-8B43-B66FC73B34F3
Solidago rigida,Solidago rigida,,1,Accepted,Solidago rigida,L.,Asteraceae,gcc;tropicos, ,urn:lsid:compositae.org:names:D2AFDCE3-AA8B-48AC-AC6A-8399181A2F42
Solidago sp.,Solidago,,0.9,Accepted,Solidago,,Asteraceae,tpl;usda, ,
Solidago species,Solidago,,0.9,Accepted,Solidago,,Asteraceae,tpl;usda, ,
Solidago tenuifolia,Solidago tenuifolia,,1,Synonym,Euthamia caroliniana,(L.) Greene ex Porter & Britton,Asteraceae,gcc;tropicos;usda, ,urn:lsid:compositae.org:names:09AF3EFD-F5AF-4E42-900B-9E8539CDF82F
Solidago ulmifolia,Solidago ulmifolia,,1,Accepted,Solidago ulmifolia,Hook.,Asteraceae,gcc, [Ambiguous match] ,urn:lsid:compositae.org:names:A6A5A9AC-CF74-4533-9449-27EAB1146809
Sonchus arvensis,Sonchus arvensis,,1,Accepted,Sonchus arvensis,L.,Asteraceae,gcc;tropicos;usda, ,urn:lsid:compositae.org:names:9ECA6031-FEB2-4687-9E3E-5A7DB69641D6
Sonchus asper,Sonchus asper,,1,Accepted,Sonchus asper,(L.) Hill,Asteraceae,gcc;tropicos;usda, ,urn:lsid:compositae.org:names:66DF1A4E-84EA-41AA-BD09-DE16767F4769
Sonchus sp.,Sonchus,,0.9,No opinion,,,,tpl, ,
Sonchus species,Sonchus,,0.9,No opinion,,,,tpl, ,
Sorghastrum nutans,Sorghastrum nutans,,1,Accepted,Sorghastrum nutans,(L.) Nash,Poaceae,tpl;tropicos;usda, ,
Sparganium eurycarpum,Sparganium eurycarpum,,1,Accepted,Sparganium eurycarpum,Engelm.,Typhaceae,tpl;tropicos;usda, ,
Spartina pectinata,Spartina pectinata,,1,Accepted,Spartina pectinata,Bosc ex Link,Poaceae,tpl;usda, ,
Stachys palustris,Stachys palustris,,1,Accepted,Stachys palustris,L.,Lamiaceae,tpl;tropicos;usda, ,
Stachys sp.,Stachys,,0.9,Accepted,Stachys,,Lamiaceae,tpl;usda, ,
Stachys tenuifolia,Stachys tenuifolia,,1,Accepted,Stachys tenuifolia,Willd.,Lamiaceae,tpl;tropicos;usda, ,
Staphylea trifolia,Staphylea trifolia,,1,Accepted,Staphylea trifolia,L.,Staphyleaceae,tpl;tropicos;usda, ,
Stylophorum diphyllum,Stylophorum diphyllum,,1,Accepted,Stylophorum diphyllum,(Michx.) Nutt.,Papaveraceae,tpl;tropicos;usda, ,
Symphyotrichum drummondii,Symphyotrichum drummondii,,1,Accepted,Symphyotrichum drummondii,(Lindl.) G.L.Nesom,Asteraceae,gcc, ,urn:lsid:compositae.org:names:7E92236A-AF44-4120-8AEE-A4E040BA893F
Symphyotrichum ericoides,Symphyotrichum ericoides,,1,Accepted,Symphyotrichum ericoides,(L.) G.L.Nesom,Asteraceae,gcc, ,urn:lsid:compositae.org:names:DC9D8E69-A41F-4858-B499-28A90966345E
Symphyotrichum lanceolatum,Symphyotrichum lanceolatum,,1,Accepted,Symphyotrichum lanceolatum,(Willd.) G.L.Nesom,Asteraceae,gcc, ,urn:lsid:compositae.org:names:F3743A58-9A8C-4827-A19E-B4CB2CAAF3B1
Symphyotrichum lateriflorum,Symphyotrichum lateriflorum,,1,Accepted,Symphyotrichum lateriflorum,(L.) ç.Lšve & D.Lšve,Asteraceae,gcc, ,urn:lsid:compositae.org:names:FABA6C06-F343-4CEC-AF2B-17DFE6A11170
Symphyotrichum novae-angliae,Symphyotrichum novae-angliae,,1,Accepted,Symphyotrichum novae-angliae,(L.) G.L.Nesom,Asteraceae,gcc, ,urn:lsid:compositae.org:names:BFC967B5-5C07-4F49-A561-66D9BF32C1EB
Symphyotrichum ontarionis,Symphyotrichum ontarionis,,1,Accepted,Symphyotrichum ontarionis,(Wiegand) G.L.Nesom,Asteraceae,gcc, ,urn:lsid:compositae.org:names:45F66F8C-39E8-4764-8310-C9BB8717632F
Symphyotrichum pilosum,Symphyotrichum pilosum,,1,Accepted,Symphyotrichum pilosum,(Willd.) G.L.Nesom,Asteraceae,gcc, ,urn:lsid:compositae.org:names:B8851780-07FE-4029-8726-66EFF3A4DCE4
Symphyotrichum shortii,Symphyotrichum shortii,,1,Accepted,Symphyotrichum shortii,(Lindl.) G.L.Nesom,Asteraceae,gcc, ,urn:lsid:compositae.org:names:7E7882FC-95AC-439F-A4BF-A43E23C22D8D
Symphyotrichum sp.,Symphyotrichum,,0.9,Accepted,Symphyotrichum,Nees,Asteraceae,gcc;tropicos, ,urn:lsid:compositae.org:names:8A1DD401-35B0-4D3C-948E-5CA1D113F9F2
Taraxacum officinale,Taraxacum officinale,,1,Synonym,Taraxacum campylodes,G.E.Haglund,Asteraceae,gcc, ,urn:lsid:compositae.org:names:47A19BF1-900A-43C4-BD2D-5C163EAB7E75
Teucrium canadense,Teucrium canadense,,1,Accepted,Teucrium canadense,L.,Lamiaceae,tpl;tropicos;usda, ,
Thalictrum dasycarpum,Thalictrum dasycarpum,,1,Accepted,Thalictrum dasycarpum,"Fisch., C.A.Mey. & AvŽ-Lall.",Ranunculaceae,tpl, ,
Thalictrum dioicum,Thalictrum dioicum,,1,Accepted,Thalictrum dioicum,L.,Ranunculaceae,tpl;tropicos;usda, ,
Thalictrum thalictroides,Thalictrum thalictroides,,1,Synonym,Anemonella thalictroides,(L.) Spach,Ranunculaceae,tpl, ,
Thelypteris palustris,Thelypteris palustris,,1,Synonym,Thelypteris confluens,(Thunb.) C.V. Morton,Thelypteridaceae,tpl, ,
Tilia americana,Tilia americana,,1,Accepted,Tilia americana,L.,Malvaceae,tpl;tropicos;usda, ,
Torilis japonica,Torilis japonica,,1,Accepted,Torilis japonica,(Houtt.) DC.,Apiaceae,tpl;tropicos;usda, ,
Toxicodendron radicans,Toxicodendron radicans,,1,Accepted,Toxicodendron radicans,(L.) Kuntze,Anacardiaceae,tpl;tropicos;usda, ,
Tragopogon dubius,Tragopogon dubius,,1,Accepted,Tragopogon dubius,Scop.,Asteraceae,tropicos;usda, ,
Tragopogon sp.,Tragopogon,,0.9,No opinion,,,,tpl, ,
Tree species,Trema,,0.42,Accepted,Trema,,Cannabaceae,tpl;usda, ,
Trifolium hybridum,Trifolium hybridum,,1,No opinion,,,,tpl, ,
Trifolium pratense,Trifolium pratense,,1,No opinion,,,,tpl, ,
Trifolium repens,Trifolium repens,,1,Accepted,Trifolium repens,,Fabaceae,tpl, ,
Trifolium sp.,Trifolium,,0.9,Accepted,Trifolium,,Fabaceae,tpl, ,
Trillium grandiflorum,Trillium grandiflorum,,1,Accepted,Trillium grandiflorum,(Michx.) Salisb.,Melanthiaceae,tpl;tropicos;usda, ,
Trillium recurvatum,Trillium recurvatum,,1,Accepted,Trillium recurvatum,L.C.Beck,Melanthiaceae,tpl, ,
Triosteum perfoliatum,Triosteum perfoliatum,,1,Accepted,Triosteum perfoliatum,L.,Caprifoliaceae,tpl;tropicos;usda, ,
Typha angustifolia,Typha angustifolia,,1,Accepted,Typha angustifolia,L.,Typhaceae,tpl;tropicos;usda, ,
Typha latifolia,Typha latifolia,,1,Accepted,Typha latifolia,L.,Typhaceae,tpl;tropicos;usda, ,
Ulmus americana,Ulmus americana,,1,Accepted,Ulmus americana,L.,Ulmaceae,tpl;tropicos;usda, ,
Ulmus pumila,Ulmus pumila,,1,Accepted,Ulmus pumila,L.,Ulmaceae,tpl;tropicos;usda, ,
Ulmus rubra,Ulmus rubra,,1,Accepted,Ulmus rubra,Muhl.,Ulmaceae,tpl;tropicos;usda, ,
Ulmus sp.,Ulmus,,0.9,Accepted,Ulmus,,Ulmaceae,tpl;usda, ,
Ulmus species,Ulmus,,0.9,Accepted,Ulmus,,Ulmaceae,tpl;usda, ,
Unidentified,No suitable matches found.,,0,,,,,, ,
Unidentified forb,No suitable matches found.,,0,,,,,, ,
Unidentified seedling,No suitable matches found.,,0,,,,,, ,
Unidentified shrub,No suitable matches found.,,0,,,,,, ,
Unidentified sp.,No suitable matches found.,,0,,,,,, ,
Unidentified species,No suitable matches found.,,0,,,,,, ,
Unidentified species-3-leaved,No suitable matches found.,,0,,,,,, ,
Unidentified species-milky sap,No suitable matches found.,,0,,,,,, ,
Unidentified species-single leaf,No suitable matches found.,,0,,,,,, ,
Urtica dioica,Urtica dioica,,1,Accepted,Urtica dioica,L.,Urticaceae,tpl;tropicos;usda, ,
Uvularia grandiflora,Uvularia grandiflora,,1,Accepted,Uvularia grandiflora,Sm.,Colchicaceae,tpl;tropicos;usda, ,
Uvularia sessilifolia,Uvularia sessilifolia,,1,Accepted,Uvularia sessilifolia,L.,Colchicaceae,tpl;tropicos;usda, ,
Verbena urticifolia,Verbena urticifolia,,1,Accepted,Verbena urticifolia,L.,Verbenaceae,tpl;tropicos;usda, ,
Verbesina alternifolia,Verbesina alternifolia,,1,Accepted,Verbesina alternifolia,(L.) Britton ex Kearney,Asteraceae,gcc;tropicos;usda, ,urn:lsid:compositae.org:names:DA9F7876-616E-41B8-9E50-B2ACDC944AFE
Vernonia altissima,Vernonia altissima,,1,Synonym,Vernonia gigantea,(Walt.) trelease ex Branner & Coville,Asteraceae,gcc, ,urn:lsid:compositae.org:names:08926C1E-B369-470B-8800-702F19BEAAAD
Veronica sp.,Veronica,,0.9,Accepted,Veronica,,Plantaginaceae,tpl, ,
Veronicastrum virginicum,Veronicastrum virginicum,,1,Accepted,Veronicastrum virginicum,(L.) Farw.,Plantaginaceae,tpl;tropicos;usda, ,
Viburnum dentatum,Viburnum dentatum,,1,Accepted,Viburnum dentatum,L.,Adoxaceae,tpl;tropicos;usda, ,
Viburnum lentago,Viburnum lentago,,1,Accepted,Viburnum lentago,L.,Adoxaceae,tpl;tropicos;usda, ,
Viburnum opulus,Viburnum opulus,,1,Accepted,Viburnum opulus,L.,Adoxaceae,tpl;tropicos;usda, ,
Viburnum prunifolium,Viburnum prunifolium,,1,Accepted,Viburnum prunifolium,L.,Adoxaceae,tpl;tropicos;usda, ,
Viburnum rafinesquianum,Viburnum rafinesquianum,,1,Accepted,Viburnum rafinesquianum,Schult.,Adoxaceae,tpl;tropicos, ,
Viburnum recognitum,Viburnum recognitum,,1,Accepted,Viburnum recognitum,Fernald,Adoxaceae,tpl;tropicos;usda, ,
Viburnum sp.,Viburnum,,0.9,Accepted,Viburnum,,Adoxaceae,tpl, ,
Viburnum species,Viburnum,,0.9,Accepted,Viburnum,,Adoxaceae,tpl, ,
Viburnumspecies,No suitable matches found.,,0,,,,,, ,
Vicia sp.,Vicia,,0.9,Accepted,Vicia,,Fabaceae,tpl;usda, ,
Vine species,Vignea,,0.5,No opinion,,,,tpl, ,
Viola missouriensis,Viola missouriensis,,1,Synonym,Viola sororia var. missouriensis,(Greene) L.E. McKinney,Violaceae,tpl, ,
Viola pubescens,Viola pubescens,,1,Accepted,Viola pubescens,Aiton,Violaceae,tpl;tropicos;usda, ,
Viola sororia,Viola sororia,,1,Accepted,Viola sororia,Willd.,Violaceae,tpl;tropicos;usda, ,
Viola sp.,Viola,,0.9,Accepted,Viola,,Violaceae,tpl, ,
Viola species,Viola,,0.9,Accepted,Viola,,Violaceae,tpl, ,
Vitis riparia,Vitis riparia,,1,Synonym,Vitis vulpina,L.,Vitaceae,tpl, ,
Vitis sp.,Vitis,,0.9,Accepted,Vitis,,Vitaceae,tpl, ,
Vitis vulpina,Vitis vulpina,,1,Accepted,Vitis vulpina,L.,Vitaceae,tpl;tropicos;usda, ,
Weather station,No suitable matches found.,,0,,,,,, ,